"original_miRNA_id","normalized_miRNA_id","logFC_no_zone","BH_FDR_no_zone","logFC_adjusted","BH_FDR_adjusted","no_zone_significant","attenuated","direction_reversed"
"hsa-let-7a-3p:hsa-let-7a-1","hsa-let-7a-3p",-0.0274921780379986,0.962130730956057,0.165576781546722,0.954302845955942,FALSE,FALSE,TRUE
"hsa-let-7a-5p:hsa-let-7a-1","hsa-let-7a-5p",-0.107152137913647,0.66490101079496,-0.0939977324163609,0.954302845955942,FALSE,TRUE,FALSE
"hsa-let-7b-3p:hsa-let-7b","hsa-let-7b-3p",-0.0861626261444873,0.832346407596613,0.0353746789788707,0.99698024720718,FALSE,TRUE,TRUE
"hsa-let-7b-5p:hsa-let-7b","hsa-let-7b-5p",-0.067306969124145,0.832346407596613,0.0560305555351312,0.981068937087881,FALSE,TRUE,TRUE
"hsa-let-7c-3p:hsa-let-7c","hsa-let-7c-3p",-1.70516562522359,0.0883013018438655,-0.101049434674812,0.99698024720718,FALSE,TRUE,FALSE
"hsa-let-7c-5p:hsa-let-7c","hsa-let-7c-5p",-1.29816146644477,0.00698539950140059,-0.344079868612926,0.942554188179476,TRUE,TRUE,FALSE
"hsa-let-7d-3p:hsa-let-7d","hsa-let-7d-3p",0.061182926798797,0.858701909970255,0.0840918560320042,0.961686339648352,FALSE,FALSE,FALSE
"hsa-let-7d-5p:hsa-let-7d","hsa-let-7d-5p",0.0783695727977858,0.818020683857009,0.00177430570814854,0.998612650735802,FALSE,TRUE,FALSE
"hsa-let-7e-3p:hsa-let-7e","hsa-let-7e-3p",-0.199048919606454,0.831659728856061,0.357168317593711,0.951185018782856,FALSE,FALSE,TRUE
"hsa-let-7e-5p:hsa-let-7e","hsa-let-7e-5p",-0.0947311175360754,0.762921408861841,0.0717971817145554,0.961686339648352,FALSE,TRUE,TRUE
"hsa-let-7f-1-3p:hsa-let-7f-1","hsa-let-7f-1-3p",0.0133120149523334,0.980762059372689,0.0133321934338126,0.99775400192234,FALSE,FALSE,FALSE
"hsa-let-7f-5p:hsa-let-7f-1","hsa-let-7f-5p",-0.0451897099033704,0.889422147057613,-0.159403103251657,0.945119595048974,FALSE,FALSE,FALSE
"hsa-let-7g-3p:hsa-let-7g","hsa-let-7g-3p",0.365350029862443,0.791704678113483,0.758374774016137,0.913328740245061,FALSE,FALSE,FALSE
"hsa-let-7g-5p:hsa-let-7g","hsa-let-7g-5p",0.055962436867528,0.88287208092396,-0.148508121522175,0.951185018782856,FALSE,FALSE,TRUE
"hsa-let-7i-3p:hsa-let-7i","hsa-let-7i-3p",0.00607131414499397,0.995552917524296,0.454115849662547,0.954302845955942,FALSE,FALSE,FALSE
"hsa-let-7i-5p:hsa-let-7i","hsa-let-7i-5p",-0.102440502229498,0.799991331739566,-0.0366902728011786,0.99698024720718,FALSE,TRUE,FALSE
"hsa-miR-1-3p:hsa-mir-1-2","hsa-miR-1-3p",0.8560143848646,0.111779521711323,0.166824639757948,0.961686339648352,FALSE,TRUE,FALSE
"hsa-miR-100-5p:hsa-mir-100","hsa-miR-100-5p",-0.256851816030637,0.4076501638692,-0.181333361674835,0.948810508224733,FALSE,TRUE,FALSE
"hsa-miR-101-3p:hsa-mir-101-2","hsa-miR-101-3p",0.0771548932241335,0.927221328752318,0.0608872159170339,0.99698024720718,FALSE,TRUE,FALSE
"hsa-miR-103a-3p:hsa-mir-103a-1","hsa-miR-103a-3p",0.154363456218694,0.768443701577222,0.268407223996911,0.948810508224733,FALSE,FALSE,FALSE
"hsa-miR-106a-5p:hsa-mir-106a","hsa-miR-106a-5p",-0.819042563569383,0.107042598245326,-0.371002607633422,0.944180457304669,FALSE,TRUE,FALSE
"hsa-miR-106b-3p:hsa-mir-106b","hsa-miR-106b-3p",0.0644505147959269,0.894273671334479,-0.0116882451725839,0.99775400192234,FALSE,TRUE,TRUE
"hsa-miR-106b-5p:hsa-mir-106b","hsa-miR-106b-5p",-0.0879166060081255,0.867208431690574,-0.0775953854706105,0.988794710274305,FALSE,TRUE,FALSE
"hsa-miR-107:hsa-mir-107","hsa-miR-107",0.23508989680223,0.652828506478957,0.326358270075926,0.942554188179476,FALSE,FALSE,FALSE
"hsa-miR-10a-3p:hsa-mir-10a","hsa-miR-10a-3p",0.833312245807779,0.0318337300554991,-0.0221948313963804,0.99698024720718,TRUE,TRUE,TRUE
"hsa-miR-10a-5p:hsa-mir-10a","hsa-miR-10a-5p",0.884100348927825,0.00698539950140059,0.12396333512316,0.954302845955942,TRUE,TRUE,FALSE
"hsa-miR-10b-3p:hsa-mir-10b","hsa-miR-10b-3p",-0.508164126430793,0.148824804562336,0.0099791213251204,0.99775400192234,FALSE,TRUE,TRUE
"hsa-miR-10b-5p:hsa-mir-10b","hsa-miR-10b-5p",-0.521154626914551,0.0808064004352348,-0.0943715863754067,0.961686339648352,FALSE,TRUE,FALSE
"hsa-miR-1179:hsa-mir-1179","hsa-miR-1179",0.0300678016189295,0.976699468650699,-0.448981569674659,0.951185018782856,FALSE,FALSE,TRUE
"hsa-miR-1180-3p:hsa-mir-1180","hsa-miR-1180-3p",-0.151732448458651,0.752500876175196,0.306987608009538,0.913328740245061,FALSE,FALSE,TRUE
"hsa-miR-1185-1-3p:hsa-mir-1185-1","hsa-miR-1185-1-3p",0.0461853824311248,0.967053226837997,-0.203974110308575,0.986222444632175,FALSE,FALSE,TRUE
"hsa-miR-1185-2-3p:hsa-mir-1185-2","hsa-miR-1185-2-3p",-0.3614825247992,0.743682513978121,0.247123206900311,0.961686339648352,FALSE,TRUE,TRUE
"hsa-miR-122-5p:hsa-mir-122","hsa-miR-122-5p",-0.555112824728802,0.748514313419319,-0.396957727056018,0.961686339648352,FALSE,TRUE,FALSE
"hsa-miR-1224-3p:hsa-mir-1224","hsa-miR-1224-3p",0.7912883285754,0.527712751126576,0.0448438718577394,0.99765657714209,FALSE,TRUE,FALSE
"hsa-miR-1224-5p:hsa-mir-1224","hsa-miR-1224-5p",1.29316118020088,0.15094710836718,0.0102353819832932,0.998612650735802,FALSE,TRUE,FALSE
"hsa-miR-1226-3p:hsa-mir-1226","hsa-miR-1226-3p",0.0911547716957904,0.858701909970255,0.228296157601564,0.951185018782856,FALSE,FALSE,FALSE
"hsa-miR-1226-5p:hsa-mir-1226","hsa-miR-1226-5p",1.00772820430551,0.368518547067431,1.73137530589459,0.633528608313097,FALSE,FALSE,FALSE
"hsa-miR-1227-3p:hsa-mir-1227","hsa-miR-1227-3p",-0.467716472001471,0.683259735986372,-0.253264780894009,0.961686339648352,FALSE,TRUE,FALSE
"hsa-miR-1228-3p:hsa-mir-1228","hsa-miR-1228-3p",-0.646357118136598,0.50454825367577,-0.225670827369506,0.962283635606115,FALSE,TRUE,FALSE
"hsa-miR-1229-3p:hsa-mir-1229","hsa-miR-1229-3p",0.463360185144185,0.515456787692169,0.380456584271353,0.948810508224733,FALSE,TRUE,FALSE
"hsa-miR-1237-3p:hsa-mir-1237","hsa-miR-1237-3p",0.762151194831332,0.55495926717748,1.67454208686636,0.633528608313097,FALSE,FALSE,FALSE
"hsa-miR-124-3p:hsa-mir-124-1","hsa-miR-124-3p",0.98049425610643,0.414497778188412,1.54565327788306,0.827381577615971,FALSE,FALSE,FALSE
"hsa-miR-1244:hsa-mir-1244-1","hsa-miR-1244",-0.098119031428003,0.889422147057613,0.292096141726567,0.951185018782856,FALSE,FALSE,TRUE
"hsa-miR-1246:hsa-mir-1246","hsa-miR-1246",-0.171426419576034,0.910058537082476,-0.393960569397013,0.954302845955942,FALSE,FALSE,FALSE
"hsa-miR-1247-5p:hsa-mir-1247","hsa-miR-1247-5p",0.0790938294198879,0.889422147057613,0.114838230070208,0.961686339648352,FALSE,FALSE,FALSE
"hsa-miR-1248:hsa-mir-1248","hsa-miR-1248",1.08370632307933,0.141761709681312,0.132092128308648,0.994088918459872,FALSE,TRUE,FALSE
"hsa-miR-1249-3p:hsa-mir-1249","hsa-miR-1249-3p",-0.284334668069219,0.798137232368285,0.30858065597615,0.954302845955942,FALSE,FALSE,TRUE
"hsa-miR-1255a:hsa-mir-1255a","hsa-miR-1255a",0.401621359430095,0.774176845748168,-0.142010179136236,0.99698024720718,FALSE,TRUE,TRUE
"hsa-miR-1255b-5p:hsa-mir-1255b-1","hsa-miR-1255b-5p",-1.18177887133774,0.285955766973789,-0.847427245062786,0.942554188179476,FALSE,TRUE,FALSE
"hsa-miR-1258:hsa-mir-1258","hsa-miR-1258",-0.212721746585941,0.889422147057613,0.241224635722682,0.986222444632175,FALSE,FALSE,TRUE
"hsa-miR-125a-3p:hsa-mir-125a","hsa-miR-125a-3p",-0.309108154094917,0.37761225655932,-0.0515157123008802,0.99698024720718,FALSE,TRUE,FALSE
"hsa-miR-125a-5p:hsa-mir-125a","hsa-miR-125a-5p",-0.0637109331841443,0.88287208092396,0.183422524603033,0.951185018782856,FALSE,FALSE,TRUE
"hsa-miR-125b-1-3p:hsa-mir-125b-1","hsa-miR-125b-1-3p",-0.24935110166955,0.601924395206168,0.0647399309900003,0.996391896925509,FALSE,TRUE,TRUE
"hsa-miR-125b-2-3p:hsa-mir-125b-2","hsa-miR-125b-2-3p",-0.959883416999079,0.0895395590464468,0.106023017466427,0.986222444632175,FALSE,TRUE,TRUE
"hsa-miR-125b-5p:hsa-mir-125b-1","hsa-miR-125b-5p",-0.688603478315421,0.100433737375975,0.0579092805609522,0.99698024720718,FALSE,TRUE,TRUE
"hsa-miR-126-3p:hsa-mir-126","hsa-miR-126-3p",-0.349507708725092,0.285319709664847,-0.11765813160366,0.954302845955942,FALSE,TRUE,FALSE
"hsa-miR-126-5p:hsa-mir-126","hsa-miR-126-5p",-0.550360269014354,0.0646046369216678,-0.151643785085479,0.951185018782856,FALSE,TRUE,FALSE
"hsa-miR-1260b:hsa-mir-1260b","hsa-miR-1260b",-0.714180761986766,0.065992324957668,-0.231198593223082,0.951185018782856,FALSE,TRUE,FALSE
"hsa-miR-1262:hsa-mir-1262","hsa-miR-1262",0.199149050074125,0.729726778174633,0.27421348502145,0.951185018782856,FALSE,FALSE,FALSE
"hsa-miR-127-3p:hsa-mir-127","hsa-miR-127-3p",0.477106662857309,0.240125521322302,0.248481853642411,0.948810508224733,FALSE,TRUE,FALSE
"hsa-miR-127-5p:hsa-mir-127","hsa-miR-127-5p",-0.154697363607756,0.905352220992788,-0.406754460823712,0.954302845955942,FALSE,FALSE,FALSE
"hsa-miR-1270:hsa-mir-1270","hsa-miR-1270",0.153361910688796,0.831659728856061,-0.0417714992308683,0.99698024720718,FALSE,TRUE,TRUE
"hsa-miR-1271-5p:hsa-mir-1271","hsa-miR-1271-5p",0.875884945065054,0.391358453868889,1.53930267536502,0.633528608313097,FALSE,FALSE,FALSE
"hsa-miR-1273h-3p:hsa-mir-1273h","hsa-miR-1273h-3p",0.277661404694914,0.831659728856061,-0.648342772179567,0.942554188179476,FALSE,FALSE,TRUE
"hsa-miR-1277-5p:hsa-mir-1277","hsa-miR-1277-5p",-1.58180186988933,0.107042598245326,-0.905838992381466,0.913328740245061,FALSE,TRUE,FALSE
"hsa-miR-128-3p:hsa-mir-128-1","hsa-miR-128-3p",0.120876335049744,0.744769865823926,0.152138272295039,0.951185018782856,FALSE,FALSE,FALSE
"hsa-miR-129-2-3p:hsa-mir-129-2","hsa-miR-129-2-3p",-0.309220420179763,0.860220489080883,0.520914151643606,0.954302845955942,FALSE,FALSE,TRUE
"hsa-miR-129-5p:hsa-mir-129-1","hsa-miR-129-5p",0.0700476035134756,0.962130730956057,0.7000873471949,0.951185018782856,FALSE,FALSE,FALSE
"hsa-miR-1292-5p:hsa-mir-1292","hsa-miR-1292-5p",-0.11293583668137,0.889422147057613,-0.214237631645301,0.954302845955942,FALSE,FALSE,FALSE
"hsa-miR-1293:hsa-mir-1293","hsa-miR-1293",-1.29283702109177,0.285338347819968,1.08198747652562,0.827381577615971,FALSE,TRUE,TRUE
"hsa-miR-1294:hsa-mir-1294","hsa-miR-1294",-0.286237818698035,0.847884598527618,-0.934952223121012,0.913328740245061,FALSE,FALSE,FALSE
"hsa-miR-1295a:hsa-mir-1295a","hsa-miR-1295a",-0.852559779611653,0.40731296285404,-1.08347295988246,0.827381577615971,FALSE,FALSE,FALSE
"hsa-miR-1296-5p:hsa-mir-1296","hsa-miR-1296-5p",0.297816252305968,0.50454825367577,0.399852073764753,0.901138084350497,FALSE,FALSE,FALSE
"hsa-miR-1297:hsa-mir-1297","hsa-miR-1297",-0.166942148294946,0.831807390564558,-0.262573770563208,0.954302845955942,FALSE,FALSE,FALSE
"hsa-miR-1298-5p:hsa-mir-1298","hsa-miR-1298-5p",-0.386023801392858,0.796924027558316,1.6605422963283,0.633528608313097,FALSE,FALSE,TRUE
"hsa-miR-1299:hsa-mir-1299","hsa-miR-1299",0.57986027128685,0.734301121436348,-0.598183437873718,0.954302845955942,FALSE,FALSE,TRUE
"hsa-miR-1301-3p:hsa-mir-1301","hsa-miR-1301-3p",0.0255564103141564,0.94669355900491,-0.134214674640776,0.954302845955942,FALSE,FALSE,TRUE
"hsa-miR-1303:hsa-mir-1303","hsa-miR-1303",0.194812216327759,0.832346407596613,0.554465830263888,0.913328740245061,FALSE,FALSE,FALSE
"hsa-miR-1304-5p:hsa-mir-1304","hsa-miR-1304-5p",0.726344168374466,0.493611472032779,0.614888812423522,0.948810508224733,FALSE,TRUE,FALSE
"hsa-miR-1306-3p:hsa-mir-1306","hsa-miR-1306-3p",-0.0224003140452479,0.969827903089842,0.0577980515814291,0.99698024720718,FALSE,FALSE,TRUE
"hsa-miR-1306-5p:hsa-mir-1306","hsa-miR-1306-5p",0.221478524406854,0.636655122975854,0.23445778878758,0.951185018782856,FALSE,FALSE,FALSE
"hsa-miR-1307-3p:hsa-mir-1307","hsa-miR-1307-3p",0.457155480024299,0.279519507432529,0.421813695031753,0.901138084350497,FALSE,TRUE,FALSE
"hsa-miR-1307-5p:hsa-mir-1307","hsa-miR-1307-5p",0.491893133408795,0.641072441503386,0.514680270664385,0.951185018782856,FALSE,FALSE,FALSE
"hsa-miR-130a-3p:hsa-mir-130a","hsa-miR-130a-3p",-0.468047647386082,0.241699391481321,-0.330851425438959,0.913328740245061,FALSE,TRUE,FALSE
"hsa-miR-130b-3p:hsa-mir-130b","hsa-miR-130b-3p",0.276956118011248,0.51855611774583,0.176039305482964,0.954302845955942,FALSE,TRUE,FALSE
"hsa-miR-130b-5p:hsa-mir-130b","hsa-miR-130b-5p",0.371674821933029,0.251182463533088,0.175461290380398,0.951185018782856,FALSE,TRUE,FALSE
"hsa-miR-132-3p:hsa-mir-132","hsa-miR-132-3p",0.26526705655577,0.620654623492948,-0.0844860381364944,0.989952442257322,FALSE,TRUE,TRUE
"hsa-miR-132-5p:hsa-mir-132","hsa-miR-132-5p",0.35233613705489,0.506755546027533,0.594068466811791,0.827381577615971,FALSE,FALSE,FALSE
"hsa-miR-133a-3p:hsa-mir-133a-1","hsa-miR-133a-3p",1.25719237520435,0.0460448117768644,0.651905457603757,0.827381577615971,TRUE,TRUE,FALSE
"hsa-miR-133b:hsa-mir-133b","hsa-miR-133b",1.68667260834254,0.025814006476144,1.81925964054276,0.444782861895594,TRUE,FALSE,FALSE
"hsa-miR-134-5p:hsa-mir-134","hsa-miR-134-5p",0.338365952043776,0.211377489269832,0.162061180013017,0.948810508224733,FALSE,TRUE,FALSE
"hsa-miR-1343-3p:hsa-mir-1343","hsa-miR-1343-3p",-0.565595661607267,0.662735028525786,-1.39086871496163,0.827381577615971,FALSE,FALSE,FALSE
"hsa-miR-135a-3p:hsa-mir-135a-1","hsa-miR-135a-3p",0.119487047145625,0.941404851824172,-2.08925189461111,0.444782861895594,FALSE,FALSE,TRUE
"hsa-miR-135a-5p:hsa-mir-135a-1","hsa-miR-135a-5p",0.0357120652382476,0.969827903089842,-0.313238415496302,0.954302845955942,FALSE,FALSE,TRUE
"hsa-miR-135b-3p:hsa-mir-135b","hsa-miR-135b-3p",-0.577349041780255,0.729726778174633,1.09878264096678,0.913328740245061,FALSE,FALSE,TRUE
"hsa-miR-135b-5p:hsa-mir-135b","hsa-miR-135b-5p",-1.10854249836652,0.0671429094820645,-0.220497356261192,0.954302845955942,FALSE,TRUE,FALSE
"hsa-miR-136-3p:hsa-mir-136","hsa-miR-136-3p",0.0366532884509175,0.962130730956057,-0.267939421394619,0.954302845955942,FALSE,FALSE,TRUE
"hsa-miR-136-5p:hsa-mir-136","hsa-miR-136-5p",-0.79909296560323,0.334575158261234,-1.1447993621247,0.744249746139783,FALSE,FALSE,FALSE
"hsa-miR-138-1-3p:hsa-mir-138-1","hsa-miR-138-1-3p",0.267829586640021,0.867109259300211,-0.712602795157693,0.951185018782856,FALSE,FALSE,TRUE
"hsa-miR-139-3p:hsa-mir-139","hsa-miR-139-3p",-0.0648139189763805,0.889422147057613,-0.0666651373376409,0.986722254188746,FALSE,FALSE,FALSE
"hsa-miR-139-5p:hsa-mir-139","hsa-miR-139-5p",-0.0449833258352198,0.889422147057613,-0.0746913782780212,0.961686339648352,FALSE,FALSE,FALSE
"hsa-miR-140-3p:hsa-mir-140","hsa-miR-140-3p",0.178376377562131,0.697893014100597,0.0375519565593806,0.99698024720718,FALSE,TRUE,FALSE
"hsa-miR-140-5p:hsa-mir-140","hsa-miR-140-5p",-0.0557331550716107,0.962130730956057,0.437107933966589,0.951185018782856,FALSE,FALSE,TRUE
"hsa-miR-141-3p:hsa-mir-141","hsa-miR-141-3p",0.380787431289797,0.601924395206168,0.0536820338666901,0.99698024720718,FALSE,TRUE,FALSE
"hsa-miR-142-3p:hsa-mir-142","hsa-miR-142-3p",-0.403362169886968,0.630119851787126,-0.941133097082108,0.827381577615971,FALSE,FALSE,FALSE
"hsa-miR-142-5p:hsa-mir-142","hsa-miR-142-5p",-0.214145313922306,0.77725876821194,-0.88474075980579,0.681874207663341,FALSE,FALSE,FALSE
"hsa-miR-143-3p:hsa-mir-143","hsa-miR-143-3p",0.311280131200038,0.508785176447443,0.155304575154206,0.954302845955942,FALSE,TRUE,FALSE
"hsa-miR-143-5p:hsa-mir-143","hsa-miR-143-5p",0.700703596585058,0.0370337069597441,0.802334228520649,0.444782861895594,TRUE,FALSE,FALSE
"hsa-miR-144-3p:hsa-mir-144","hsa-miR-144-3p",-1.07772862046219,0.288617319314835,-0.0112179557427529,0.998612650735802,FALSE,TRUE,FALSE
"hsa-miR-144-5p:hsa-mir-144","hsa-miR-144-5p",-1.01557517670186,0.148824804562336,-1.00460297777112,0.827381577615971,FALSE,TRUE,FALSE
"hsa-miR-145-3p:hsa-mir-145","hsa-miR-145-3p",0.200940964218096,0.743682513978121,0.0632658071966667,0.99698024720718,FALSE,TRUE,FALSE
"hsa-miR-145-5p:hsa-mir-145","hsa-miR-145-5p",0.297481684033551,0.626580291041456,0.100825790433333,0.986222444632175,FALSE,TRUE,FALSE
"hsa-miR-1468-5p:hsa-mir-1468","hsa-miR-1468-5p",0.44320836727876,0.186842670080837,-0.149173910095775,0.954302845955942,FALSE,TRUE,TRUE
"hsa-miR-146a-5p:hsa-mir-146a","hsa-miR-146a-5p",-0.182797794142058,0.667571131911912,-0.663137585303764,0.444782861895594,FALSE,FALSE,FALSE
"hsa-miR-146b-3p:hsa-mir-146b","hsa-miR-146b-3p",-0.533973339879528,0.334575158261234,-0.625439826049839,0.827381577615971,FALSE,FALSE,FALSE
"hsa-miR-146b-5p:hsa-mir-146b","hsa-miR-146b-5p",-0.312361968042069,0.574305360571869,-0.67685815436321,0.824407689404813,FALSE,FALSE,FALSE
"hsa-miR-148a-3p:hsa-mir-148a","hsa-miR-148a-3p",0.716230728584172,0.236498791637018,0.177021296019247,0.961686339648352,FALSE,TRUE,FALSE
"hsa-miR-148a-5p:hsa-mir-148a","hsa-miR-148a-5p",0.970136597855957,0.100433737375975,0.326295577765496,0.951185018782856,FALSE,TRUE,FALSE
"hsa-miR-148b-3p:hsa-mir-148b","hsa-miR-148b-3p",0.365826609125676,0.330585014396387,0.146351432384265,0.954302845955942,FALSE,TRUE,FALSE
"hsa-miR-148b-5p:hsa-mir-148b","hsa-miR-148b-5p",0.235578651163493,0.595144944409928,0.0993558902023154,0.97180894193783,FALSE,TRUE,FALSE
"hsa-miR-149-3p:hsa-mir-149","hsa-miR-149-3p",-1.72553020708085,0.159943381851787,0.583690849420631,0.942554188179476,FALSE,TRUE,TRUE
"hsa-miR-149-5p:hsa-mir-149","hsa-miR-149-5p",-1.07640823268745,0.137306977401911,0.546242128146658,0.901138084350497,FALSE,TRUE,TRUE
"hsa-miR-150-3p:hsa-mir-150","hsa-miR-150-3p",0.251709287045549,0.676680640477981,-0.375946927939321,0.913328740245061,FALSE,FALSE,TRUE
"hsa-miR-150-5p:hsa-mir-150","hsa-miR-150-5p",-0.197966008263741,0.729726778174633,-0.801654753953857,0.444782861895594,FALSE,FALSE,FALSE
"hsa-miR-151a-3p:hsa-mir-151a","hsa-miR-151a-3p",0.141294458959094,0.539191978003842,-0.0325194190309583,0.995435238426363,FALSE,TRUE,TRUE
"hsa-miR-151a-5p:hsa-mir-151a","hsa-miR-151a-5p",0.260519614805081,0.370973546838566,-0.0934059280916025,0.954302845955942,FALSE,TRUE,TRUE
"hsa-miR-151b:hsa-mir-151b","hsa-miR-151b",0.216425591920274,0.445590257206381,0.0000730800484420461,0.99967461484276,FALSE,TRUE,FALSE
"hsa-miR-152-3p:hsa-mir-152","hsa-miR-152-3p",-0.00406078604081105,0.987697385972863,-0.0828481113407436,0.961686339648352,FALSE,FALSE,FALSE
"hsa-miR-153-3p:hsa-mir-153-1","hsa-miR-153-3p",0.531431368984282,0.72792029134096,-0.678330104467491,0.948810508224733,FALSE,FALSE,TRUE
"hsa-miR-155-5p:hsa-mir-155","hsa-miR-155-5p",0.46671683210751,0.251796013504309,-0.12388535153183,0.961686339648352,FALSE,TRUE,TRUE
"hsa-miR-15a-5p:hsa-mir-15a","hsa-miR-15a-5p",-0.545781956178441,0.238930899844873,-0.561949236107123,0.827381577615971,FALSE,FALSE,FALSE
"hsa-miR-15b-3p:hsa-mir-15b","hsa-miR-15b-3p",-0.169616291622927,0.721991975525303,-0.226326619793282,0.948810508224733,FALSE,FALSE,FALSE
"hsa-miR-15b-5p:hsa-mir-15b","hsa-miR-15b-5p",-0.25577946422098,0.626580291041456,-0.412411116182767,0.913328740245061,FALSE,FALSE,FALSE
"hsa-miR-16-2-3p:hsa-mir-16-2","hsa-miR-16-2-3p",-0.159598631062071,0.744769865823926,0.022720011042733,0.99698024720718,FALSE,TRUE,TRUE
"hsa-miR-16-5p:hsa-mir-16-1","hsa-miR-16-5p",-0.312590478876539,0.578800468864439,-0.408901426744348,0.913328740245061,FALSE,FALSE,FALSE
"hsa-miR-17-3p:hsa-mir-17","hsa-miR-17-3p",0.292839673534539,0.847884598527618,-0.00579575477765573,0.998612650735802,FALSE,TRUE,TRUE
"hsa-miR-17-5p:hsa-mir-17","hsa-miR-17-5p",0.0432348020907448,0.929417074040883,0.0370107102734849,0.99698024720718,FALSE,TRUE,FALSE
"hsa-miR-181a-2-3p:hsa-mir-181a-2","hsa-miR-181a-2-3p",0.480713333916489,0.148824804562336,0.0368766296972559,0.99698024720718,FALSE,TRUE,FALSE
"hsa-miR-181a-3p:hsa-mir-181a-1","hsa-miR-181a-3p",-0.332646502295867,0.732917704376909,-0.732288172383589,0.901138084350497,FALSE,FALSE,FALSE
"hsa-miR-181a-5p:hsa-mir-181a-1","hsa-miR-181a-5p",-0.0563954158522484,0.858701909970255,-0.234967024511133,0.901138084350497,FALSE,FALSE,FALSE
"hsa-miR-181b-2-3p:hsa-mir-181b-2","hsa-miR-181b-2-3p",-0.11241807715471,0.941404851824172,-0.512582112260249,0.954302845955942,FALSE,FALSE,FALSE
"hsa-miR-181b-5p:hsa-mir-181b-1","hsa-miR-181b-5p",0.0284310250897353,0.941404851824172,-0.103125457022919,0.954302845955942,FALSE,FALSE,TRUE
"hsa-miR-181c-3p:hsa-mir-181c","hsa-miR-181c-3p",-0.206532832765325,0.889422147057613,-0.279088899990789,0.97180894193783,FALSE,FALSE,FALSE
"hsa-miR-181c-5p:hsa-mir-181c","hsa-miR-181c-5p",0.0942237676188901,0.889422147057613,-0.206081985750564,0.954302845955942,FALSE,FALSE,TRUE
"hsa-miR-181d-5p:hsa-mir-181d","hsa-miR-181d-5p",0.0768043499729727,0.850481770003641,0.26967180314745,0.913328740245061,FALSE,FALSE,FALSE
"hsa-miR-182-5p:hsa-mir-182","hsa-miR-182-5p",-0.342206649147073,0.476166246852001,0.0223185791347625,0.99698024720718,FALSE,TRUE,TRUE
"hsa-miR-1827:hsa-mir-1827","hsa-miR-1827",-0.155534922260111,0.815841007018046,-0.208745974468766,0.954302845955942,FALSE,FALSE,FALSE
"hsa-miR-183-3p:hsa-mir-183","hsa-miR-183-3p",-1.04422513476124,0.288617319314835,-0.352507775907126,0.955708966936663,FALSE,TRUE,FALSE
"hsa-miR-183-5p:hsa-mir-183","hsa-miR-183-5p",-0.550674488418509,0.153521424411601,0.0200236827205726,0.99698024720718,FALSE,TRUE,TRUE
"hsa-miR-184:hsa-mir-184","hsa-miR-184",0.575515586243243,0.574305360571869,0.451239775284076,0.954302845955942,FALSE,TRUE,FALSE
"hsa-miR-185-3p:hsa-mir-185","hsa-miR-185-3p",0.642210282658916,0.414497778188412,0.552579001605125,0.942554188179476,FALSE,TRUE,FALSE
"hsa-miR-185-5p:hsa-mir-185","hsa-miR-185-5p",-0.351348065249894,0.468847638776705,-0.22956769344328,0.951185018782856,FALSE,TRUE,FALSE
"hsa-miR-186-5p:hsa-mir-186","hsa-miR-186-5p",0.0381929639339661,0.911361264671633,-0.0191077141978086,0.99698024720718,FALSE,TRUE,TRUE
"hsa-miR-187-3p:hsa-mir-187","hsa-miR-187-3p",-1.93828863424917,0.148824804562336,-1.47764757004495,0.827381577615971,FALSE,TRUE,FALSE
"hsa-miR-187-5p:hsa-mir-187","hsa-miR-187-5p",-0.460315289504599,0.732917704376909,0.244928161398395,0.976628327128219,FALSE,TRUE,TRUE
"hsa-miR-18a-3p:hsa-mir-18a","hsa-miR-18a-3p",0.218233295739647,0.816522877783359,0.268761946121413,0.954302845955942,FALSE,FALSE,FALSE
"hsa-miR-18a-5p:hsa-mir-18a","hsa-miR-18a-5p",-0.0643779900459381,0.908500446340924,0.131272031395007,0.961686339648352,FALSE,FALSE,TRUE
"hsa-miR-18b-5p:hsa-mir-18b","hsa-miR-18b-5p",-0.82327828870985,0.351573363261707,-1.03897279941386,0.827381577615971,FALSE,FALSE,FALSE
"hsa-miR-1908-5p:hsa-mir-1908","hsa-miR-1908-5p",0.112251702019233,0.941404851824172,1.07379663687819,0.827381577615971,FALSE,FALSE,FALSE
"hsa-miR-190a-5p:hsa-mir-190a","hsa-miR-190a-5p",1.20003215758328,0.0322108638481141,0.251611580521557,0.954302845955942,TRUE,TRUE,FALSE
"hsa-miR-191-3p:hsa-mir-191","hsa-miR-191-3p",1.15649016520226,0.27290471802055,0.591453258729363,0.951185018782856,FALSE,TRUE,FALSE
"hsa-miR-191-5p:hsa-mir-191","hsa-miR-191-5p",0.366246113342499,0.186175681511027,-0.090927954636152,0.954302845955942,FALSE,TRUE,TRUE
"hsa-miR-192-3p:hsa-mir-192","hsa-miR-192-3p",2.8978818149117,0.00349994129853821,-0.253299611134313,0.961686339648352,TRUE,TRUE,TRUE
"hsa-miR-192-5p:hsa-mir-192","hsa-miR-192-5p",3.62028540984255,0.000279427342754563,0.641766900390051,0.913328740245061,TRUE,TRUE,FALSE
"hsa-miR-193a-5p:hsa-mir-193a","hsa-miR-193a-5p",0.101005308406043,0.831659728856061,0.360239406798128,0.901138084350497,FALSE,FALSE,FALSE
"hsa-miR-193b-3p:hsa-mir-193b","hsa-miR-193b-3p",-0.121067634183322,0.889422147057613,0.508092811910904,0.913328740245061,FALSE,FALSE,TRUE
"hsa-miR-193b-5p:hsa-mir-193b","hsa-miR-193b-5p",-0.202646514215114,0.615425513947374,0.0710051077730958,0.986222444632175,FALSE,TRUE,TRUE
"hsa-miR-194-3p:hsa-mir-194-2","hsa-miR-194-3p",4.77511998017225,0.0000251062948947509,1.03734786935211,0.827381577615971,TRUE,TRUE,FALSE
"hsa-miR-194-5p:hsa-mir-194-1","hsa-miR-194-5p",3.56350107326487,0.000321161858893909,0.67072361432374,0.913328740245061,TRUE,TRUE,FALSE
"hsa-miR-195-3p:hsa-mir-195","hsa-miR-195-3p",0.467486729065621,0.321331603861087,0.457434371716088,0.907086138049205,FALSE,TRUE,FALSE
"hsa-miR-195-5p:hsa-mir-195","hsa-miR-195-5p",0.273914481602827,0.51855611774583,-0.189292924211286,0.951185018782856,FALSE,TRUE,TRUE
"hsa-miR-196a-5p:hsa-mir-196a-1","hsa-miR-196a-5p",-0.459439337730564,0.477697535965974,-0.422096960463293,0.913328740245061,FALSE,TRUE,FALSE
"hsa-miR-196b-5p:hsa-mir-196b","hsa-miR-196b-5p",0.190287620328245,0.506755546027533,-0.0766508410252171,0.961686339648352,FALSE,TRUE,TRUE
"hsa-miR-197-3p:hsa-mir-197","hsa-miR-197-3p",-0.0794242676051524,0.832346407596613,-0.0830809719654147,0.961686339648352,FALSE,FALSE,FALSE
"hsa-miR-197-5p:hsa-mir-197","hsa-miR-197-5p",-0.30701818080557,0.766655270759892,-0.0165731182002951,0.99775400192234,FALSE,TRUE,FALSE
"hsa-miR-1976:hsa-mir-1976","hsa-miR-1976",-0.0594522800456043,0.927221328752318,-0.410666619007381,0.913328740245061,FALSE,FALSE,FALSE
"hsa-miR-199a-5p:hsa-mir-199a-1","hsa-miR-199a-5p",0.103441578084086,0.891138059282879,0.23995784771587,0.954302845955942,FALSE,FALSE,FALSE
"hsa-miR-199b-5p:hsa-mir-199b","hsa-miR-199b-5p",-0.246141217721087,0.818020683857009,0.318107631215576,0.954302845955942,FALSE,FALSE,TRUE
"hsa-miR-19a-3p:hsa-mir-19a","hsa-miR-19a-3p",-0.223479842765472,0.858701909970255,-1.03657970985521,0.827381577615971,FALSE,FALSE,FALSE
"hsa-miR-19b-3p:hsa-mir-19b-1","hsa-miR-19b-3p",-0.143002373222401,0.910058537082476,-1.05168244959747,0.827381577615971,FALSE,FALSE,FALSE
"hsa-miR-200a-3p:hsa-mir-200a","hsa-miR-200a-3p",1.0222098669746,0.118896402398218,0.259768862800637,0.954302845955942,FALSE,TRUE,FALSE
"hsa-miR-200a-5p:hsa-mir-200a","hsa-miR-200a-5p",1.11851540992058,0.0391024554461181,0.359085090133545,0.948810508224733,TRUE,TRUE,FALSE
"hsa-miR-200b-3p:hsa-mir-200b","hsa-miR-200b-3p",1.26305403224039,0.00920678808986936,0.374084868134066,0.913328740245061,TRUE,TRUE,FALSE
"hsa-miR-200b-5p:hsa-mir-200b","hsa-miR-200b-5p",1.17356861974161,0.0304570715003863,0.29156004856524,0.951185018782856,TRUE,TRUE,FALSE
"hsa-miR-200c-3p:hsa-mir-200c","hsa-miR-200c-3p",0.580152826459553,0.201275308285891,0.274720981705558,0.948810508224733,FALSE,TRUE,FALSE
"hsa-miR-200c-5p:hsa-mir-200c","hsa-miR-200c-5p",0.0819552742224735,0.941404851824172,-0.457653477825208,0.951185018782856,FALSE,FALSE,TRUE
"hsa-miR-202-3p:hsa-mir-202","hsa-miR-202-3p",-1.41204317470894,0.148824804562336,-1.79422795818002,0.497551960372237,FALSE,FALSE,FALSE
"hsa-miR-202-5p:hsa-mir-202","hsa-miR-202-5p",-1.92573908971904,0.0457323122888748,-2.28040871620229,0.444782861895594,TRUE,FALSE,FALSE
"hsa-miR-203a-3p:hsa-mir-203a","hsa-miR-203a-3p",-1.65878864029953,0.0288911112602376,0.267171456016329,0.951185018782856,TRUE,TRUE,TRUE
"hsa-miR-203b-3p:hsa-mir-203b","hsa-miR-203b-3p",0.476928938331761,0.396641584942936,0.223807049109818,0.954302845955942,FALSE,TRUE,FALSE
"hsa-miR-204-5p:hsa-mir-204","hsa-miR-204-5p",-0.0648170565336472,0.905352220992788,0.0695535650323069,0.994088918459872,FALSE,FALSE,TRUE
"hsa-miR-205-5p:hsa-mir-205","hsa-miR-205-5p",-5.80329009730441,0.00460268937096684,-0.520581672209475,0.942554188179476,TRUE,TRUE,FALSE
"hsa-miR-206:hsa-mir-206","hsa-miR-206",0.361247450104268,0.676680640477981,0.273940291478461,0.954302845955942,FALSE,TRUE,FALSE
"hsa-miR-20a-5p:hsa-mir-20a","hsa-miR-20a-5p",-0.0236881909870692,0.962130730956057,-0.0314074804509021,0.99698024720718,FALSE,FALSE,FALSE
"hsa-miR-20b-5p:hsa-mir-20b","hsa-miR-20b-5p",-0.645954688935817,0.330585014396387,-0.418851442751863,0.944180457304669,FALSE,TRUE,FALSE
"hsa-miR-21-3p:hsa-mir-21","hsa-miR-21-3p",0.377289054499988,0.55495926717748,0.337495062567405,0.951185018782856,FALSE,TRUE,FALSE
"hsa-miR-21-5p:hsa-mir-21","hsa-miR-21-5p",-0.134254364662575,0.805388428063735,-0.153537429236031,0.954302845955942,FALSE,FALSE,FALSE
"hsa-miR-210-3p:hsa-mir-210","hsa-miR-210-3p",0.604533901054626,0.261057681267319,0.967330822857046,0.58336737029649,FALSE,FALSE,FALSE
"hsa-miR-211-5p:hsa-mir-211","hsa-miR-211-5p",-3.00405365095328,0.0511359113454871,-0.118033950777172,0.99698024720718,FALSE,TRUE,FALSE
"hsa-miR-2110:hsa-mir-2110","hsa-miR-2110",0.17927799758586,0.508785176447443,0.0332085276772253,0.99698024720718,FALSE,TRUE,FALSE
"hsa-miR-2116-3p:hsa-mir-2116","hsa-miR-2116-3p",1.01332234580677,0.285955766973789,-0.565279598273429,0.9279326592748,FALSE,TRUE,TRUE
"hsa-miR-212-3p:hsa-mir-212","hsa-miR-212-3p",-0.0785356636981744,0.911580919657734,-0.113506205921086,0.988794710274305,FALSE,FALSE,FALSE
"hsa-miR-212-5p:hsa-mir-212","hsa-miR-212-5p",0.603136694381516,0.508785176447443,0.059651969990673,0.99698024720718,FALSE,TRUE,FALSE
"hsa-miR-214-3p:hsa-mir-214","hsa-miR-214-3p",-0.0064299197396312,0.980762059372689,-0.16325725310409,0.951185018782856,FALSE,FALSE,FALSE
"hsa-miR-214-5p:hsa-mir-214","hsa-miR-214-5p",-0.142975698647662,0.829707408806913,-0.129265863176833,0.961686339648352,FALSE,TRUE,FALSE
"hsa-miR-215-3p:hsa-mir-215","hsa-miR-215-3p",4.50025227819009,0.00130637880240121,1.89669316806486,0.589486017696251,TRUE,TRUE,FALSE
"hsa-miR-215-5p:hsa-mir-215","hsa-miR-215-5p",5.41060707761238,0.000112734254873872,2.32918018885813,0.58336737029649,TRUE,TRUE,FALSE
"hsa-miR-216b-5p:hsa-mir-216b","hsa-miR-216b-5p",1.43557386871595,0.0808064004352348,-0.239692429509901,0.954302845955942,FALSE,TRUE,TRUE
"hsa-miR-218-5p:hsa-mir-218-1","hsa-miR-218-5p",-0.505564853994462,0.0742402849477642,-0.167021204823563,0.951185018782856,FALSE,TRUE,FALSE
"hsa-miR-219a-1-3p:hsa-mir-219a-1","hsa-miR-219a-1-3p",-0.745700817280746,0.436810331898542,-1.16287014427661,0.824407689404813,FALSE,FALSE,FALSE
"hsa-miR-22-3p:hsa-mir-22","hsa-miR-22-3p",-0.0830164280850316,0.907083833514507,0.0625741483493565,0.99698024720718,FALSE,TRUE,TRUE
"hsa-miR-22-5p:hsa-mir-22","hsa-miR-22-5p",0.0623816282975511,0.952284901695931,0.633702596068251,0.913328740245061,FALSE,FALSE,FALSE
"hsa-miR-221-3p:hsa-mir-221","hsa-miR-221-3p",-0.288364165328523,0.508785176447443,0.353737615825368,0.901138084350497,FALSE,FALSE,TRUE
"hsa-miR-221-5p:hsa-mir-221","hsa-miR-221-5p",-0.0109418490262751,0.980762059372689,-0.277157119439956,0.948810508224733,FALSE,FALSE,FALSE
"hsa-miR-222-3p:hsa-mir-222","hsa-miR-222-3p",-0.345564413956337,0.470206502463673,0.312728660857817,0.913328740245061,FALSE,TRUE,TRUE
"hsa-miR-222-5p:hsa-mir-222","hsa-miR-222-5p",1.98430018443652,0.0322108638481141,1.15688949229268,0.874368051484327,TRUE,TRUE,FALSE
"hsa-miR-223-3p:hsa-mir-223","hsa-miR-223-3p",-0.962063410507644,0.0263827341237019,-0.613362725301426,0.827381577615971,TRUE,TRUE,FALSE
"hsa-miR-223-5p:hsa-mir-223","hsa-miR-223-5p",-0.874343429210213,0.0887824229214159,-0.862509373166446,0.681874207663341,FALSE,TRUE,FALSE
"hsa-miR-224-3p:hsa-mir-224","hsa-miR-224-3p",-0.767649040466445,0.159943381851787,-0.0270419588103336,0.99698024720718,FALSE,TRUE,FALSE
"hsa-miR-224-5p:hsa-mir-224","hsa-miR-224-5p",-0.715901442047292,0.0895395590464468,0.0813290152930987,0.980984678845329,FALSE,TRUE,TRUE
"hsa-miR-2355-3p:hsa-mir-2355","hsa-miR-2355-3p",-0.230984592397742,0.730693855354307,-0.0239741163647409,0.99698024720718,FALSE,TRUE,FALSE
"hsa-miR-23a-3p:hsa-mir-23a","hsa-miR-23a-3p",-0.271699513520445,0.421990238497201,0.0243274745771985,0.99698024720718,FALSE,TRUE,TRUE
"hsa-miR-23a-5p:hsa-mir-23a","hsa-miR-23a-5p",-0.0421569510519371,0.941404851824172,0.22207332646483,0.951185018782856,FALSE,FALSE,TRUE
"hsa-miR-23b-3p:hsa-mir-23b","hsa-miR-23b-3p",-0.327501944631932,0.289145490383311,-0.221038488522561,0.944180457304669,FALSE,TRUE,FALSE
"hsa-miR-23b-5p:hsa-mir-23b","hsa-miR-23b-5p",-0.320532599721591,0.314291416311098,0.0540284153697394,0.994088918459872,FALSE,TRUE,TRUE
"hsa-miR-23c:hsa-mir-23c","hsa-miR-23c",-0.412003695104803,0.40731296285404,-0.451399490360455,0.907086138049205,FALSE,FALSE,FALSE
"hsa-miR-24-1-5p:hsa-mir-24-1","hsa-miR-24-1-5p",-0.0732385962077192,0.845034867958424,-0.0164213614382146,0.99698024720718,FALSE,TRUE,FALSE
"hsa-miR-24-2-5p:hsa-mir-24-2","hsa-miR-24-2-5p",-0.125449529389485,0.744769865823926,0.220987669258818,0.913328740245061,FALSE,FALSE,TRUE
"hsa-miR-24-3p:hsa-mir-24-1","hsa-miR-24-3p",-0.32027511082612,0.285338347819968,-0.103759655598757,0.954302845955942,FALSE,TRUE,FALSE
"hsa-miR-25-3p:hsa-mir-25","hsa-miR-25-3p",-0.123289111295904,0.818020683857009,-0.235106099796809,0.951185018782856,FALSE,FALSE,FALSE
"hsa-miR-25-5p:hsa-mir-25","hsa-miR-25-5p",0.250303441439614,0.796924027558316,-0.263087156267848,0.954302845955942,FALSE,FALSE,TRUE
"hsa-miR-2681-3p:hsa-mir-2681","hsa-miR-2681-3p",1.02656623774798,0.31008367402906,1.63976104829011,0.633528608313097,FALSE,FALSE,FALSE
"hsa-miR-26a-1-3p:hsa-mir-26a-1","hsa-miR-26a-1-3p",0.443566372876155,0.562528730049337,0.594866373105152,0.913328740245061,FALSE,FALSE,FALSE
"hsa-miR-26a-2-3p:hsa-mir-26a-2","hsa-miR-26a-2-3p",0.0256973507192405,0.962130730956057,0.201042437966611,0.951185018782856,FALSE,FALSE,FALSE
"hsa-miR-26a-5p:hsa-mir-26a-1","hsa-miR-26a-5p",-0.0491270854910238,0.884710030294554,-0.251091371148908,0.843189393982541,FALSE,FALSE,FALSE
"hsa-miR-26b-3p:hsa-mir-26b","hsa-miR-26b-3p",-0.285730171250402,0.772471905395681,-0.353170645195963,0.954302845955942,FALSE,FALSE,FALSE
"hsa-miR-26b-5p:hsa-mir-26b","hsa-miR-26b-5p",-0.0497067562224998,0.88287208092396,-0.228937219551161,0.901493362036003,FALSE,FALSE,FALSE
"hsa-miR-27a-3p:hsa-mir-27a","hsa-miR-27a-3p",-0.198383215366996,0.619110183905257,0.278365054506899,0.913328740245061,FALSE,FALSE,TRUE
"hsa-miR-27a-5p:hsa-mir-27a","hsa-miR-27a-5p",0.20602800018061,0.781065001610967,0.193981161000647,0.954302845955942,FALSE,TRUE,FALSE
"hsa-miR-27b-3p:hsa-mir-27b","hsa-miR-27b-3p",-0.194880911702584,0.557470039674556,-0.0149167660690777,0.99698024720718,FALSE,TRUE,FALSE
"hsa-miR-27b-5p:hsa-mir-27b","hsa-miR-27b-5p",-0.154681865996752,0.720603122102779,-0.0100756366710763,0.99775400192234,FALSE,TRUE,FALSE
"hsa-miR-28-3p:hsa-mir-28","hsa-miR-28-3p",0.582794415796407,0.0288911112602376,0.247656736675173,0.907086138049205,TRUE,TRUE,FALSE
"hsa-miR-28-5p:hsa-mir-28","hsa-miR-28-5p",0.470762868839915,0.115701471165273,-0.0171186648640115,0.99698024720718,FALSE,TRUE,TRUE
"hsa-miR-296-3p:hsa-mir-296","hsa-miR-296-3p",-0.263921958771962,0.75423622183383,-0.548748989462612,0.913328740245061,FALSE,FALSE,FALSE
"hsa-miR-299-3p:hsa-mir-299","hsa-miR-299-3p",0.522366021693504,0.626580291041456,0.522985199300559,0.951185018782856,FALSE,FALSE,FALSE
"hsa-miR-299-5p:hsa-mir-299","hsa-miR-299-5p",0.523246524981261,0.574305360571869,0.218969882266262,0.961686339648352,FALSE,TRUE,FALSE
"hsa-miR-29a-3p:hsa-mir-29a","hsa-miR-29a-3p",-0.0465153143712168,0.889422147057613,-0.178040466127986,0.942554188179476,FALSE,FALSE,FALSE
"hsa-miR-29a-5p:hsa-mir-29a","hsa-miR-29a-5p",0.0651159272941048,0.962130730956057,-0.0337454363281591,0.99775400192234,FALSE,TRUE,TRUE
"hsa-miR-29b-1-5p:hsa-mir-29b-1","hsa-miR-29b-1-5p",0.396880990670366,0.397228614823619,-0.0305253977097449,0.99698024720718,FALSE,TRUE,TRUE
"hsa-miR-29b-2-5p:hsa-mir-29b-2","hsa-miR-29b-2-5p",-0.228933977033534,0.784690985881045,-0.271748342769349,0.954302845955942,FALSE,FALSE,FALSE
"hsa-miR-29b-3p:hsa-mir-29b-1","hsa-miR-29b-3p",-0.0635784858313508,0.891138059282879,-0.41427987272672,0.827381577615971,FALSE,FALSE,FALSE
"hsa-miR-29c-3p:hsa-mir-29c","hsa-miR-29c-3p",-0.0811350299269139,0.845127992975806,-0.160932827824728,0.951185018782856,FALSE,FALSE,FALSE
"hsa-miR-29c-5p:hsa-mir-29c","hsa-miR-29c-5p",-0.0620074429874652,0.941404851824172,-0.148725109758409,0.981068937087881,FALSE,FALSE,FALSE
"hsa-miR-3064-5p:hsa-mir-3064","hsa-miR-3064-5p",-0.686170840040528,0.498646983581096,-0.373475324839466,0.954302845955942,FALSE,TRUE,FALSE
"hsa-miR-3065-3p:hsa-mir-3065","hsa-miR-3065-3p",-0.413436724705398,0.576201777755227,0.330038858648509,0.951185018782856,FALSE,TRUE,TRUE
"hsa-miR-3065-5p:hsa-mir-3065","hsa-miR-3065-5p",-2.0553910585742,0.00984692484640867,-0.923845447574372,0.827381577615971,TRUE,TRUE,FALSE
"hsa-miR-3074-5p:hsa-mir-3074","hsa-miR-3074-5p",0.38029950108262,0.805388428063735,0.100782767202519,0.99698024720718,FALSE,TRUE,FALSE
"hsa-miR-30a-3p:hsa-mir-30a","hsa-miR-30a-3p",0.0730954504235654,0.839804249016617,0.0212486590411295,0.99698024720718,FALSE,TRUE,FALSE
"hsa-miR-30a-5p:hsa-mir-30a","hsa-miR-30a-5p",0.117293271292853,0.805388428063735,0.182054514163923,0.951185018782856,FALSE,FALSE,FALSE
"hsa-miR-30b-3p:hsa-mir-30b","hsa-miR-30b-3p",0.183493135739094,0.595144944409928,0.2509731982022,0.913328740245061,FALSE,FALSE,FALSE
"hsa-miR-30b-5p:hsa-mir-30b","hsa-miR-30b-5p",0.152017364587944,0.78525337634964,0.0976458120656351,0.980431736780571,FALSE,TRUE,FALSE
"hsa-miR-30c-1-3p:hsa-mir-30c-1","hsa-miR-30c-1-3p",0.155078964931422,0.739100139534117,0.185746081939998,0.954302845955942,FALSE,FALSE,FALSE
"hsa-miR-30c-2-3p:hsa-mir-30c-2","hsa-miR-30c-2-3p",0.0216157398582309,0.967825315921475,0.208051680132056,0.954302845955942,FALSE,FALSE,FALSE
"hsa-miR-30c-5p:hsa-mir-30c-1","hsa-miR-30c-5p",0.0367756378945832,0.927221328752318,-0.0326082354052562,0.99698024720718,FALSE,TRUE,TRUE
"hsa-miR-30d-3p:hsa-mir-30d","hsa-miR-30d-3p",0.29459362608108,0.805388428063735,-0.0467532551174898,0.99698024720718,FALSE,TRUE,TRUE
"hsa-miR-30d-5p:hsa-mir-30d","hsa-miR-30d-5p",0.287239310470923,0.141761709681312,0.0906407705824496,0.954302845955942,FALSE,TRUE,FALSE
"hsa-miR-30e-3p:hsa-mir-30e","hsa-miR-30e-3p",0.118382001841459,0.732917704376909,-0.108020259619851,0.954302845955942,FALSE,TRUE,TRUE
"hsa-miR-30e-5p:hsa-mir-30e","hsa-miR-30e-5p",0.0231484838803657,0.963678616609574,-0.228317478168197,0.951185018782856,FALSE,FALSE,TRUE
"hsa-miR-31-5p:hsa-mir-31","hsa-miR-31-5p",-2.38221626573887,0.0318337300554991,0.309292387975809,0.961686339648352,TRUE,TRUE,TRUE
"hsa-miR-3125:hsa-mir-3125","hsa-miR-3125",-0.148002672961545,0.910058537082476,-0.00614592723659279,0.998612650735802,FALSE,TRUE,FALSE
"hsa-miR-3127-3p:hsa-mir-3127","hsa-miR-3127-3p",1.0886721834529,0.288617319314835,0.671799057707504,0.948810508224733,FALSE,TRUE,FALSE
"hsa-miR-3127-5p:hsa-mir-3127","hsa-miR-3127-5p",1.76660484424731,0.00940976901339372,1.80113140582857,0.444782861895594,TRUE,FALSE,FALSE
"hsa-miR-3129-3p:hsa-mir-3129","hsa-miR-3129-3p",0.045891085077667,0.969827903089842,0.235020464004738,0.983215883428417,FALSE,FALSE,FALSE
"hsa-miR-3129-5p:hsa-mir-3129","hsa-miR-3129-5p",0.880116231942496,0.477697535965974,0.964388219528707,0.913328740245061,FALSE,FALSE,FALSE
"hsa-miR-3131:hsa-mir-3131","hsa-miR-3131",1.94296131407943,0.0966030752863583,0.0733668823176505,0.99698024720718,FALSE,TRUE,FALSE
"hsa-miR-3133:hsa-mir-3133","hsa-miR-3133",1.4962750302795,0.132228395732159,-0.108917245618108,0.99698024720718,FALSE,TRUE,TRUE
"hsa-miR-3140-3p:hsa-mir-3140","hsa-miR-3140-3p",0.256432364916672,0.829707408806913,0.00366209201757893,0.998612650735802,FALSE,TRUE,FALSE
"hsa-miR-3143:hsa-mir-3143","hsa-miR-3143",-1.43259798665178,0.115701471165273,-0.955129261550215,0.827381577615971,FALSE,TRUE,FALSE
"hsa-miR-3149:hsa-mir-3149","hsa-miR-3149",0.722084336589825,0.50454825367577,1.15346354378764,0.827381577615971,FALSE,FALSE,FALSE
"hsa-miR-3150b-3p:hsa-mir-3150b","hsa-miR-3150b-3p",0.720421202202673,0.515456787692169,-0.369086920825973,0.954302845955942,FALSE,TRUE,TRUE
"hsa-miR-3152-5p:hsa-mir-3152","hsa-miR-3152-5p",1.04644921497189,0.236498791637018,-0.136814210697,0.986222444632175,FALSE,TRUE,TRUE
"hsa-miR-3154:hsa-mir-3154","hsa-miR-3154",0.345375781218521,0.615921209055735,-0.328732313944145,0.948810508224733,FALSE,TRUE,TRUE
"hsa-miR-3158-3p:hsa-mir-3158-1","hsa-miR-3158-3p",-0.599241075338302,0.667670659279283,-0.0767257333642343,0.99698024720718,FALSE,TRUE,FALSE
"hsa-miR-3163:hsa-mir-3163","hsa-miR-3163",-0.494093358869623,0.71284342920223,-0.111942274987914,0.99698024720718,FALSE,TRUE,FALSE
"hsa-miR-3173-3p:hsa-mir-3173","hsa-miR-3173-3p",0.130160205134466,0.927221328752318,0.522178548380647,0.954302845955942,FALSE,FALSE,FALSE
"hsa-miR-3173-5p:hsa-mir-3173","hsa-miR-3173-5p",0.00625504430587429,0.980762059372689,-0.107383793233154,0.954302845955942,FALSE,FALSE,TRUE
"hsa-miR-3174:hsa-mir-3174","hsa-miR-3174",0.42262128804524,0.784690985881045,0.590909088595186,0.954302845955942,FALSE,FALSE,FALSE
"hsa-miR-3177-3p:hsa-mir-3177","hsa-miR-3177-3p",0.294589556979215,0.768443701577222,0.574126900720428,0.913328740245061,FALSE,FALSE,FALSE
"hsa-miR-3179:hsa-mir-3179-1","hsa-miR-3179",0.449850191240181,0.626580291041456,0.390458669639714,0.954302845955942,FALSE,TRUE,FALSE
"hsa-miR-3198:hsa-mir-3198-1","hsa-miR-3198",0.625081053727364,0.619110183905257,1.61906250921174,0.633528608313097,FALSE,FALSE,FALSE
"hsa-miR-32-3p:hsa-mir-32","hsa-miR-32-3p",-0.025457065065892,0.968624385674352,-0.157962831182828,0.961686339648352,FALSE,FALSE,FALSE
"hsa-miR-32-5p:hsa-mir-32","hsa-miR-32-5p",-0.335128254150809,0.465392220155051,-0.466142763596578,0.827381577615971,FALSE,FALSE,FALSE
"hsa-miR-3200-3p:hsa-mir-3200","hsa-miR-3200-3p",0.430316190693678,0.723372156299148,0.0967479720054953,0.99698024720718,FALSE,TRUE,FALSE
"hsa-miR-3200-5p:hsa-mir-3200","hsa-miR-3200-5p",-0.557137618426839,0.652828506478957,-0.232692346061677,0.983215883428417,FALSE,TRUE,FALSE
"hsa-miR-320b:hsa-mir-320b-1","hsa-miR-320b",0.0325744632825681,0.927028313614817,0.206224622305022,0.913328740245061,FALSE,FALSE,FALSE
"hsa-miR-320c:hsa-mir-320c-1","hsa-miR-320c",0.0521007895971978,0.891138059282879,0.298811248766874,0.871924564667839,FALSE,FALSE,FALSE
"hsa-miR-320d:hsa-mir-320d-1","hsa-miR-320d",0.0195646887390202,0.962130730956057,0.323831994462345,0.827381577615971,FALSE,FALSE,FALSE
"hsa-miR-320e:hsa-mir-320e","hsa-miR-320e",0.0890808851122912,0.904229841747756,0.427149070997652,0.913328740245061,FALSE,FALSE,FALSE
"hsa-miR-323a-3p:hsa-mir-323a","hsa-miR-323a-3p",0.433230278077901,0.306553199541028,0.395287917115998,0.913328740245061,FALSE,TRUE,FALSE
"hsa-miR-323b-3p:hsa-mir-323b","hsa-miR-323b-3p",-0.376246113194313,0.800639067656963,0.393459129343872,0.954302845955942,FALSE,FALSE,TRUE
"hsa-miR-324-3p:hsa-mir-324","hsa-miR-324-3p",-0.217908515521023,0.672607513820692,0.0235538650140129,0.99698024720718,FALSE,TRUE,TRUE
"hsa-miR-324-5p:hsa-mir-324","hsa-miR-324-5p",-0.228644078670471,0.815841007018046,0.345665934099166,0.951185018782856,FALSE,FALSE,TRUE
"hsa-miR-326:hsa-mir-326","hsa-miR-326",0.223168134325499,0.839896610950795,0.287720414396928,0.954302845955942,FALSE,FALSE,FALSE
"hsa-miR-328-3p:hsa-mir-328","hsa-miR-328-3p",-0.197867533526014,0.626580291041456,0.0963270643409969,0.961686339648352,FALSE,TRUE,TRUE
"hsa-miR-329-3p:hsa-mir-329-1","hsa-miR-329-3p",0.247829774925125,0.508785176447443,0.200580577623864,0.951185018782856,FALSE,TRUE,FALSE
"hsa-miR-330-3p:hsa-mir-330","hsa-miR-330-3p",0.13847494250487,0.720603122102779,0.0306560720446608,0.99698024720718,FALSE,TRUE,FALSE
"hsa-miR-330-5p:hsa-mir-330","hsa-miR-330-5p",0.322195164215854,0.626580291041456,0.039670908926216,0.99698024720718,FALSE,TRUE,FALSE
"hsa-miR-331-3p:hsa-mir-331","hsa-miR-331-3p",-0.2539937044398,0.720603122102779,-0.356693688972161,0.948810508224733,FALSE,FALSE,FALSE
"hsa-miR-335-3p:hsa-mir-335","hsa-miR-335-3p",0.640361960248298,0.0278872536625672,0.206423664093193,0.942554188179476,TRUE,TRUE,FALSE
"hsa-miR-335-5p:hsa-mir-335","hsa-miR-335-5p",0.560557819729096,0.276088559759369,0.0879760989171202,0.994088918459872,FALSE,TRUE,FALSE
"hsa-miR-337-3p:hsa-mir-337","hsa-miR-337-3p",-0.28726599175348,0.578800468864439,-0.108841688692405,0.981068937087881,FALSE,TRUE,FALSE
"hsa-miR-337-5p:hsa-mir-337","hsa-miR-337-5p",0.510781302846193,0.371782294237565,0.46003805878531,0.913328740245061,FALSE,TRUE,FALSE
"hsa-miR-338-3p:hsa-mir-338","hsa-miR-338-3p",0.203280701233184,0.796924027558316,0.196803478077426,0.954302845955942,FALSE,TRUE,FALSE
"hsa-miR-338-5p:hsa-mir-338","hsa-miR-338-5p",0.634449221381507,0.0895395590464468,-0.0188411339370393,0.99698024720718,FALSE,TRUE,TRUE
"hsa-miR-339-3p:hsa-mir-339","hsa-miR-339-3p",0.290319332173024,0.477697535965974,0.0854211933302755,0.983215883428417,FALSE,TRUE,FALSE
"hsa-miR-339-5p:hsa-mir-339","hsa-miR-339-5p",0.25962242093532,0.468847638776705,0.124502959446024,0.954302845955942,FALSE,TRUE,FALSE
"hsa-miR-340-3p:hsa-mir-340","hsa-miR-340-3p",0.171499964993052,0.578800468864439,0.00627545780394929,0.99775400192234,FALSE,TRUE,FALSE
"hsa-miR-340-5p:hsa-mir-340","hsa-miR-340-5p",0.267951944985025,0.626580291041456,0.115597361217441,0.97180894193783,FALSE,TRUE,FALSE
"hsa-miR-342-3p:hsa-mir-342","hsa-miR-342-3p",-0.291672947538623,0.350625771949781,-0.579428520558872,0.444782861895594,FALSE,FALSE,FALSE
"hsa-miR-342-5p:hsa-mir-342","hsa-miR-342-5p",-0.244468406493901,0.477697535965974,-0.542731573132133,0.58336737029649,FALSE,FALSE,FALSE
"hsa-miR-345-5p:hsa-mir-345","hsa-miR-345-5p",0.126594207868078,0.858701909970255,-0.245856322275444,0.954302845955942,FALSE,FALSE,TRUE
"hsa-miR-346:hsa-mir-346","hsa-miR-346",0.170665084018632,0.904229841747756,0.744796784765349,0.942554188179476,FALSE,FALSE,FALSE
"hsa-miR-34a-5p:hsa-mir-34a","hsa-miR-34a-5p",0.101992338108877,0.889422147057613,0.196881027418342,0.961686339648352,FALSE,FALSE,FALSE
"hsa-miR-34b-3p:hsa-mir-34b","hsa-miR-34b-3p",-1.23424780591571,0.0906195908869864,-0.260756485884066,0.954302845955942,FALSE,TRUE,FALSE
"hsa-miR-34c-3p:hsa-mir-34c","hsa-miR-34c-3p",-1.4840657033702,0.15094710836718,-0.176118794493291,0.994088918459872,FALSE,TRUE,FALSE
"hsa-miR-3605-3p:hsa-mir-3605","hsa-miR-3605-3p",0.192774859428742,0.55495926717748,0.290823666750586,0.901493362036003,FALSE,FALSE,FALSE
"hsa-miR-3605-5p:hsa-mir-3605","hsa-miR-3605-5p",0.114493827924613,0.918150484318011,-0.00444237422449418,0.998612650735802,FALSE,TRUE,TRUE
"hsa-miR-361-3p:hsa-mir-361","hsa-miR-361-3p",0.243562782145914,0.620034608030197,0.301875470025118,0.942554188179476,FALSE,FALSE,FALSE
"hsa-miR-361-5p:hsa-mir-361","hsa-miR-361-5p",-0.023135854985032,0.956162031495342,-0.145556194010919,0.951185018782856,FALSE,FALSE,FALSE
"hsa-miR-3614-5p:hsa-mir-3614","hsa-miR-3614-5p",0.410621206763962,0.724735196430436,-0.207577909376962,0.983215883428417,FALSE,TRUE,TRUE
"hsa-miR-3615:hsa-mir-3615","hsa-miR-3615",-0.453370772153866,0.148824804562336,-0.0131144073077755,0.99765657714209,FALSE,TRUE,FALSE
"hsa-miR-3617-5p:hsa-mir-3617","hsa-miR-3617-5p",0.978802411406622,0.429915745350833,0.797204641364276,0.942554188179476,FALSE,TRUE,FALSE
"hsa-miR-362-3p:hsa-mir-362","hsa-miR-362-3p",-0.091885331824887,0.910058537082476,-0.255719588527177,0.954302845955942,FALSE,FALSE,FALSE
"hsa-miR-362-5p:hsa-mir-362","hsa-miR-362-5p",0.235042099496597,0.626580291041456,0.210437691618527,0.951316534242914,FALSE,TRUE,FALSE
"hsa-miR-3622a-5p:hsa-mir-3622a","hsa-miR-3622a-5p",0.779789973569496,0.497878007866314,0.447898753877207,0.954302845955942,FALSE,TRUE,FALSE
"hsa-miR-363-3p:hsa-mir-363","hsa-miR-363-3p",-0.71782089017488,0.207825095020764,-0.63285209528069,0.827381577615971,FALSE,TRUE,FALSE
"hsa-miR-3654:hsa-mir-3654","hsa-miR-3654",0.405616774925483,0.515456787692169,0.722710527434168,0.827381577615971,FALSE,FALSE,FALSE
"hsa-miR-365a-5p:hsa-mir-365a","hsa-miR-365a-5p",-0.139088388643624,0.903988503486211,0.178802162647275,0.983215883428417,FALSE,FALSE,TRUE
"hsa-miR-365b-5p:hsa-mir-365b","hsa-miR-365b-5p",0.376163893816208,0.517596192122627,0.533527355282633,0.901493362036003,FALSE,FALSE,FALSE
"hsa-miR-3679-5p:hsa-mir-3679","hsa-miR-3679-5p",0.466617197791563,0.50454825367577,0.283053743708653,0.954302845955942,FALSE,TRUE,FALSE
"hsa-miR-369-3p:hsa-mir-369","hsa-miR-369-3p",0.599669953989901,0.186170140313723,0.691783630074166,0.824407689404813,FALSE,FALSE,FALSE
"hsa-miR-369-5p:hsa-mir-369","hsa-miR-369-5p",0.114304920456886,0.784690985881045,0.0487638816147065,0.99698024720718,FALSE,TRUE,FALSE
"hsa-miR-3691-5p:hsa-mir-3691","hsa-miR-3691-5p",-1.04089987191069,0.324297823546296,-0.755778936873696,0.942554188179476,FALSE,TRUE,FALSE
"hsa-miR-370-3p:hsa-mir-370","hsa-miR-370-3p",0.362153505007665,0.328597214734066,0.359711200412262,0.871924564667839,FALSE,TRUE,FALSE
"hsa-miR-370-5p:hsa-mir-370","hsa-miR-370-5p",0.917554015225575,0.37761225655932,1.37230953052496,0.827381577615971,FALSE,FALSE,FALSE
"hsa-miR-374a-3p:hsa-mir-374a","hsa-miR-374a-3p",-0.129059630398983,0.858701909970255,-0.141457445634118,0.962283635606115,FALSE,FALSE,FALSE
"hsa-miR-374a-5p:hsa-mir-374a","hsa-miR-374a-5p",-0.0459151818334314,0.907083833514507,-0.179091229981827,0.951185018782856,FALSE,FALSE,FALSE
"hsa-miR-374b-3p:hsa-mir-374b","hsa-miR-374b-3p",0.439866990980341,0.710058071534077,0.344199377880714,0.954302845955942,FALSE,TRUE,FALSE
"hsa-miR-374b-5p:hsa-mir-374b","hsa-miR-374b-5p",-0.00994733317019996,0.976699468650699,-0.210618351179695,0.942554188179476,FALSE,FALSE,FALSE
"hsa-miR-374c-5p:hsa-mir-374c","hsa-miR-374c-5p",-0.123419054887541,0.831659728856061,-0.337450284713603,0.913328740245061,FALSE,FALSE,FALSE
"hsa-miR-376a-3p:hsa-mir-376a-1","hsa-miR-376a-3p",0.0226223478996641,0.976555747231965,0.0464735085164264,0.99698024720718,FALSE,FALSE,FALSE
"hsa-miR-376a-5p:hsa-mir-376a-1","hsa-miR-376a-5p",-0.43703786835216,0.761395632809546,-0.814138358759523,0.942554188179476,FALSE,FALSE,FALSE
"hsa-miR-376c-3p:hsa-mir-376c","hsa-miR-376c-3p",0.306702168430859,0.761395632809546,0.0803986611905615,0.99698024720718,FALSE,TRUE,FALSE
"hsa-miR-377-3p:hsa-mir-377","hsa-miR-377-3p",0.838056268169956,0.368518547067431,0.465538164291312,0.951185018782856,FALSE,TRUE,FALSE
"hsa-miR-378a-3p:hsa-mir-378a","hsa-miR-378a-3p",1.00844670694806,0.0156133290467633,0.483683606317652,0.827381577615971,TRUE,TRUE,FALSE
"hsa-miR-378a-5p:hsa-mir-378a","hsa-miR-378a-5p",0.847499367957362,0.253316632844669,0.508141440694019,0.944180457304669,FALSE,TRUE,FALSE
"hsa-miR-378d:hsa-mir-378d-1","hsa-miR-378d",0.980726201370905,0.0920686447265435,0.348570399873964,0.951185018782856,FALSE,TRUE,FALSE
"hsa-miR-378g:hsa-mir-378g","hsa-miR-378g",0.411884973494269,0.730693855354307,0.234788578724742,0.961686339648352,FALSE,TRUE,FALSE
"hsa-miR-379-3p:hsa-mir-379","hsa-miR-379-3p",0.477201591404396,0.506022187960209,0.122025441206862,0.989952442257322,FALSE,TRUE,FALSE
"hsa-miR-379-5p:hsa-mir-379","hsa-miR-379-5p",0.394324633689486,0.115701471165273,0.0793840285043176,0.961686339648352,FALSE,TRUE,FALSE
"hsa-miR-381-3p:hsa-mir-381","hsa-miR-381-3p",0.439463627453983,0.475234518456959,0.240928957000023,0.954302845955942,FALSE,TRUE,FALSE
"hsa-miR-382-3p:hsa-mir-382","hsa-miR-382-3p",0.535934491577929,0.351573363261707,0.00646006992477037,0.998612650735802,FALSE,TRUE,FALSE
"hsa-miR-382-5p:hsa-mir-382","hsa-miR-382-5p",0.732867337516162,0.444227470591499,0.0935873625013666,0.99698024720718,FALSE,TRUE,FALSE
"hsa-miR-3912-3p:hsa-mir-3912","hsa-miR-3912-3p",-0.64511243123745,0.569300432770771,-0.205776685265633,0.986222444632175,FALSE,TRUE,FALSE
"hsa-miR-3913-5p:hsa-mir-3913-1","hsa-miR-3913-5p",0.796336310698253,0.527712751126576,1.13824523986321,0.901138084350497,FALSE,FALSE,FALSE
"hsa-miR-3928-3p:hsa-mir-3928","hsa-miR-3928-3p",0.47695671374822,0.71284342920223,0.855936745385169,0.913328740245061,FALSE,FALSE,FALSE
"hsa-miR-3940-3p:hsa-mir-3940","hsa-miR-3940-3p",-0.190483665260825,0.889422147057613,0.754415244344038,0.942554188179476,FALSE,FALSE,TRUE
"hsa-miR-409-3p:hsa-mir-409","hsa-miR-409-3p",0.18688013911648,0.626580291041456,0.181403164915309,0.948810508224733,FALSE,TRUE,FALSE
"hsa-miR-409-5p:hsa-mir-409","hsa-miR-409-5p",0.150505931993231,0.75423622183383,0.252254645407478,0.942554188179476,FALSE,FALSE,FALSE
"hsa-miR-410-3p:hsa-mir-410","hsa-miR-410-3p",0.53708280472719,0.351573363261707,0.648902266797025,0.827381577615971,FALSE,FALSE,FALSE
"hsa-miR-411-3p:hsa-mir-411","hsa-miR-411-3p",0.46300451704475,0.498646983581096,0.197398706307648,0.961686339648352,FALSE,TRUE,FALSE
"hsa-miR-411-5p:hsa-mir-411","hsa-miR-411-5p",0.444633176621566,0.100433737375975,0.0831954117959827,0.961686339648352,FALSE,TRUE,FALSE
"hsa-miR-412-5p:hsa-mir-412","hsa-miR-412-5p",-0.656108801589957,0.56770175081944,-0.256604694900282,0.97180894193783,FALSE,TRUE,FALSE
"hsa-miR-421:hsa-mir-421","hsa-miR-421",0.0827878910346917,0.858701909970255,-0.267928861969031,0.913328740245061,FALSE,FALSE,TRUE
"hsa-miR-423-3p:hsa-mir-423","hsa-miR-423-3p",0.182915911225834,0.577763966442839,0.278877084790811,0.907086138049205,FALSE,FALSE,FALSE
"hsa-miR-423-5p:hsa-mir-423","hsa-miR-423-5p",0.0121436110199863,0.962130730956057,-0.0203593029888884,0.99698024720718,FALSE,FALSE,TRUE
"hsa-miR-424-3p:hsa-mir-424","hsa-miR-424-3p",-0.175874783456212,0.772471905395681,-0.011467590714577,0.99775400192234,FALSE,TRUE,FALSE
"hsa-miR-424-5p:hsa-mir-424","hsa-miR-424-5p",-0.621274612338188,0.141761709681312,-0.413590248479168,0.913328740245061,FALSE,TRUE,FALSE
"hsa-miR-425-3p:hsa-mir-425","hsa-miR-425-3p",0.897071243368513,0.15152098268171,-0.046353077953727,0.99698024720718,FALSE,TRUE,TRUE
"hsa-miR-425-5p:hsa-mir-425","hsa-miR-425-5p",0.362615026067455,0.253316632844669,0.00655684415123197,0.99775400192234,FALSE,TRUE,FALSE
"hsa-miR-4286:hsa-mir-4286","hsa-miR-4286",0.131853601549258,0.831659728856061,0.549222775674099,0.827381577615971,FALSE,FALSE,FALSE
"hsa-miR-429:hsa-mir-429","hsa-miR-429",1.15253251611902,0.0391024554461181,0.32964513044668,0.951185018782856,TRUE,TRUE,FALSE
"hsa-miR-4306:hsa-mir-4306","hsa-miR-4306",-0.131292834788789,0.927028313614817,0.83317344495434,0.913328740245061,FALSE,FALSE,TRUE
"hsa-miR-431-5p:hsa-mir-431","hsa-miR-431-5p",1.28235644405063,0.159943381851787,1.61650898880936,0.645785919228655,FALSE,FALSE,FALSE
"hsa-miR-432-5p:hsa-mir-432","hsa-miR-432-5p",0.336960565184049,0.351573363261707,0.210204802394202,0.948810508224733,FALSE,TRUE,FALSE
"hsa-miR-4326:hsa-mir-4326","hsa-miR-4326",-0.332884460224801,0.818165768856034,-0.524600704057046,0.95134258130189,FALSE,FALSE,FALSE
"hsa-miR-433-3p:hsa-mir-433","hsa-miR-433-3p",0.226915693813931,0.539529743654117,0.271914288178646,0.913328740245061,FALSE,FALSE,FALSE
"hsa-miR-4423-5p:hsa-mir-4423","hsa-miR-4423-5p",-0.300618721984477,0.858701909970255,0.175624598201338,0.99698024720718,FALSE,TRUE,TRUE
"hsa-miR-4426:hsa-mir-4426","hsa-miR-4426",0.22117608579324,0.858701909970255,0.493755918561757,0.951185018782856,FALSE,FALSE,FALSE
"hsa-miR-4429:hsa-mir-4429","hsa-miR-4429",0.307310236996965,0.562609798127872,0.495520027166226,0.827381577615971,FALSE,FALSE,FALSE
"hsa-miR-4433b-5p:hsa-mir-4433b","hsa-miR-4433b-5p",-0.184094858219907,0.858701909970255,-0.357913630857378,0.953266013767384,FALSE,FALSE,FALSE
"hsa-miR-4436b-3p:hsa-mir-4436b-1","hsa-miR-4436b-3p",0.564241938351512,0.66490101079496,1.08390249098748,0.901138084350497,FALSE,FALSE,FALSE
"hsa-miR-4436b-5p:hsa-mir-4436b-1","hsa-miR-4436b-5p",1.2506122150589,0.218143523602483,2.34782276794286,0.444782861895594,FALSE,FALSE,FALSE
"hsa-miR-4440:hsa-mir-4440","hsa-miR-4440",-0.194546744205453,0.88287208092396,0.613658771304816,0.948810508224733,FALSE,FALSE,TRUE
"hsa-miR-4443:hsa-mir-4443","hsa-miR-4443",0.671887886538448,0.479694876124991,0.914708679675269,0.901138084350497,FALSE,FALSE,FALSE
"hsa-miR-4446-3p:hsa-mir-4446","hsa-miR-4446-3p",1.42632090900989,0.0906195908869864,0.436400712482296,0.951185018782856,FALSE,TRUE,FALSE
"hsa-miR-4454:hsa-mir-4454","hsa-miR-4454",1.00463912659823,0.368518547067431,1.37591322039097,0.827381577615971,FALSE,FALSE,FALSE
"hsa-miR-4463:hsa-mir-4463","hsa-miR-4463",0.962207421833929,0.321673887203265,-0.318610676256078,0.954302845955942,FALSE,TRUE,TRUE
"hsa-miR-4473:hsa-mir-4473","hsa-miR-4473",0.590480452028993,0.401713515710382,-0.324756655378065,0.951185018782856,FALSE,TRUE,TRUE
"hsa-miR-4484:hsa-mir-4484","hsa-miR-4484",2.50849706977315,0.00409069099172467,0.995647698083738,0.827381577615971,TRUE,TRUE,FALSE
"hsa-miR-4485-3p:hsa-mir-4485","hsa-miR-4485-3p",0.931816632165913,0.0906195908869864,0.347840313043934,0.951185018782856,FALSE,TRUE,FALSE
"hsa-miR-4485-5p:hsa-mir-4485","hsa-miR-4485-5p",1.2230345222703,0.0278872536625672,0.712817268353296,0.827381577615971,TRUE,TRUE,FALSE
"hsa-miR-450a-2-3p:hsa-mir-450a-2","hsa-miR-450a-2-3p",-0.0355406646177901,0.976699468650699,0.199229107030226,0.989952442257322,FALSE,FALSE,TRUE
"hsa-miR-450a-5p:hsa-mir-450a-1","hsa-miR-450a-5p",-0.935412081450021,0.159943381851787,-0.587444024241956,0.913328740245061,FALSE,TRUE,FALSE
"hsa-miR-450b-5p:hsa-mir-450b","hsa-miR-450b-5p",-0.253888092377604,0.660969970980018,0.127283458753711,0.961686339648352,FALSE,TRUE,TRUE
"hsa-miR-4510:hsa-mir-4510","hsa-miR-4510",-1.14712616260124,0.0808064004352348,-0.380788529171258,0.951185018782856,FALSE,TRUE,FALSE
"hsa-miR-4511:hsa-mir-4511","hsa-miR-4511",-0.430725956843841,0.732917704376909,-0.272447586344546,0.961686339648352,FALSE,TRUE,FALSE
"hsa-miR-4517:hsa-mir-4517","hsa-miR-4517",-0.210814394591253,0.889422147057613,-0.919692496639889,0.913328740245061,FALSE,FALSE,FALSE
"hsa-miR-451a:hsa-mir-451a","hsa-miR-451a",-0.970311134424325,0.138910343475477,-0.767955747087265,0.827381577615971,FALSE,TRUE,FALSE
"hsa-miR-452-5p:hsa-mir-452","hsa-miR-452-5p",-0.424986124786484,0.434136165631619,0.164000976361499,0.954302845955942,FALSE,TRUE,TRUE
"hsa-miR-4521:hsa-mir-4521","hsa-miR-4521",0.441476739766901,0.748514313419319,-0.931762813127596,0.907086138049205,FALSE,FALSE,TRUE
"hsa-miR-4525:hsa-mir-4525","hsa-miR-4525",0.842610135504964,0.502734742341187,-0.0614427652964798,0.99698024720718,FALSE,TRUE,TRUE
"hsa-miR-454-3p:hsa-mir-454","hsa-miR-454-3p",-0.247769758021225,0.476166246852001,-0.17076172383302,0.951185018782856,FALSE,TRUE,FALSE
"hsa-miR-454-5p:hsa-mir-454","hsa-miR-454-5p",-0.18847437959536,0.815841007018046,-0.370196213109134,0.948810508224733,FALSE,FALSE,FALSE
"hsa-miR-455-3p:hsa-mir-455","hsa-miR-455-3p",-0.674687041373966,0.153521424411601,-0.476845992426991,0.901138084350497,FALSE,TRUE,FALSE
"hsa-miR-455-5p:hsa-mir-455","hsa-miR-455-5p",0.573295395231386,0.630119851787126,1.42688772607383,0.824407689404813,FALSE,FALSE,FALSE
"hsa-miR-4636:hsa-mir-4636","hsa-miR-4636",1.25481760142975,0.0472340443625796,0.408711592797136,0.948810508224733,TRUE,TRUE,FALSE
"hsa-miR-4637:hsa-mir-4637","hsa-miR-4637",0.488807883117532,0.743682513978121,0.715232035371212,0.948810508224733,FALSE,FALSE,FALSE
"hsa-miR-4640-3p:hsa-mir-4640","hsa-miR-4640-3p",0.517069570500962,0.697681303658522,1.12743882616892,0.827381577615971,FALSE,FALSE,FALSE
"hsa-miR-4646-3p:hsa-mir-4646","hsa-miR-4646-3p",0.147834573164646,0.907083833514507,0.342941155375532,0.954302845955942,FALSE,FALSE,FALSE
"hsa-miR-4647:hsa-mir-4647","hsa-miR-4647",0.633648503307086,0.148824804562336,0.177894623679704,0.954302845955942,FALSE,TRUE,FALSE
"hsa-miR-4659a-3p:hsa-mir-4659a","hsa-miR-4659a-3p",0.283560439371534,0.845034867958424,-0.38912287763075,0.954302845955942,FALSE,FALSE,TRUE
"hsa-miR-4661-5p:hsa-mir-4661","hsa-miR-4661-5p",-0.118206402884119,0.930082507894768,-0.724279963163826,0.942554188179476,FALSE,FALSE,FALSE
"hsa-miR-4662a-5p:hsa-mir-4662a","hsa-miR-4662a-5p",-0.138429852357238,0.818020683857009,-0.374654255623739,0.907086138049205,FALSE,FALSE,FALSE
"hsa-miR-4665-5p:hsa-mir-4665","hsa-miR-4665-5p",0.311295772026299,0.832346407596613,0.362478655046734,0.961686339648352,FALSE,FALSE,FALSE
"hsa-miR-4672:hsa-mir-4672","hsa-miR-4672",0.33948102734928,0.815841007018046,1.03580858302978,0.901138084350497,FALSE,FALSE,FALSE
"hsa-miR-4685-3p:hsa-mir-4685","hsa-miR-4685-3p",-0.671191387670051,0.50454825367577,-0.275940410408782,0.961686339648352,FALSE,TRUE,FALSE
"hsa-miR-4689:hsa-mir-4689","hsa-miR-4689",0.330904266998528,0.832346407596613,0.360942919520326,0.961686339648352,FALSE,FALSE,FALSE
"hsa-miR-4709-3p:hsa-mir-4709","hsa-miR-4709-3p",0.37634036875415,0.363656653221909,0.501856561082144,0.827381577615971,FALSE,FALSE,FALSE
"hsa-miR-4709-5p:hsa-mir-4709","hsa-miR-4709-5p",0.350016320227826,0.796924027558316,0.740600772026141,0.942554188179476,FALSE,FALSE,FALSE
"hsa-miR-4713-5p:hsa-mir-4713","hsa-miR-4713-5p",-1.37695640276778,0.148824804562336,-1.44156216112117,0.827381577615971,FALSE,FALSE,FALSE
"hsa-miR-4728-3p:hsa-mir-4728","hsa-miR-4728-3p",-0.00146145872132046,0.996606489993464,-0.271572660529249,0.954302845955942,FALSE,FALSE,FALSE
"hsa-miR-4728-5p:hsa-mir-4728","hsa-miR-4728-5p",-0.81055320835568,0.351573363261707,-0.917738520854889,0.827381577615971,FALSE,FALSE,FALSE
"hsa-miR-4731-5p:hsa-mir-4731","hsa-miR-4731-5p",0.252001306447727,0.772471905395681,-0.0230122425194387,0.99775400192234,FALSE,TRUE,TRUE
"hsa-miR-4732-3p:hsa-mir-4732","hsa-miR-4732-3p",-0.563926822139385,0.478521887731682,-0.0858415227360105,0.99698024720718,FALSE,TRUE,FALSE
"hsa-miR-4732-5p:hsa-mir-4732","hsa-miR-4732-5p",-1.35309332272024,0.229376688087155,-1.55964737414734,0.824407689404813,FALSE,FALSE,FALSE
"hsa-miR-4738-3p:hsa-mir-4738","hsa-miR-4738-3p",0.237928720071818,0.858701909970255,0.220513038633792,0.983215883428417,FALSE,TRUE,FALSE
"hsa-miR-4742-3p:hsa-mir-4742","hsa-miR-4742-3p",0.0210720398823657,0.980762059372689,0.687001205877582,0.913328740245061,FALSE,FALSE,FALSE
"hsa-miR-4748:hsa-mir-4748","hsa-miR-4748",0.813449599864654,0.508785176447443,0.340014663246318,0.961686339648352,FALSE,TRUE,FALSE
"hsa-miR-4750-5p:hsa-mir-4750","hsa-miR-4750-5p",0.659399789189431,0.587726787058813,1.37155251458673,0.827381577615971,FALSE,FALSE,FALSE
"hsa-miR-4755-5p:hsa-mir-4755","hsa-miR-4755-5p",1.27624882610344,0.148824804562336,1.1894489497096,0.827381577615971,FALSE,TRUE,FALSE
"hsa-miR-4772-3p:hsa-mir-4772","hsa-miR-4772-3p",-1.13129132990433,0.253316632844669,-0.892467692096752,0.913328740245061,FALSE,TRUE,FALSE
"hsa-miR-4781-3p:hsa-mir-4781","hsa-miR-4781-3p",-0.391846269531762,0.743682513978121,0.165892731118742,0.993214886433134,FALSE,TRUE,TRUE
"hsa-miR-4791:hsa-mir-4791","hsa-miR-4791",0.354554895322293,0.796924027558316,-0.0420711108130844,0.99765657714209,FALSE,TRUE,TRUE
"hsa-miR-4796-3p:hsa-mir-4796","hsa-miR-4796-3p",-0.0867658704571884,0.958782514641489,-1.02138350982149,0.901138084350497,FALSE,FALSE,FALSE
"hsa-miR-4804-5p:hsa-mir-4804","hsa-miR-4804-5p",0.538201167353124,0.552901321204694,0.0691924625358824,0.99698024720718,FALSE,TRUE,FALSE
"hsa-miR-483-3p:hsa-mir-483","hsa-miR-483-3p",0.141313225694158,0.847884598527618,0.449563643806922,0.913328740245061,FALSE,FALSE,FALSE
"hsa-miR-483-5p:hsa-mir-483","hsa-miR-483-5p",-0.557413362568015,0.285955766973789,-0.411367958913672,0.913328740245061,FALSE,TRUE,FALSE
"hsa-miR-484:hsa-mir-484","hsa-miR-484",-0.234866591348241,0.55495926717748,-0.0056628186392243,0.998612650735802,FALSE,TRUE,FALSE
"hsa-miR-485-3p:hsa-mir-485","hsa-miR-485-3p",0.34327469013255,0.527712751126576,0.496113769075689,0.901138084350497,FALSE,FALSE,FALSE
"hsa-miR-485-5p:hsa-mir-485","hsa-miR-485-5p",0.141017015980938,0.646624336597949,0.0263937374139403,0.99698024720718,FALSE,TRUE,FALSE
"hsa-miR-486-3p:hsa-mir-486-1","hsa-miR-486-3p",-0.689800786443768,0.285955766973789,-0.770696412276329,0.827381577615971,FALSE,FALSE,FALSE
"hsa-miR-486-5p:hsa-mir-486-1","hsa-miR-486-5p",-0.94321647733774,0.170089635264261,-0.774301830357392,0.827381577615971,FALSE,TRUE,FALSE
"hsa-miR-487a-3p:hsa-mir-487a","hsa-miR-487a-3p",0.199030990227497,0.88287208092396,0.461344722476726,0.954302845955942,FALSE,FALSE,FALSE
"hsa-miR-487a-5p:hsa-mir-487a","hsa-miR-487a-5p",0.472467245426583,0.506755546027533,0.30711692333201,0.951185018782856,FALSE,TRUE,FALSE
"hsa-miR-487b-3p:hsa-mir-487b","hsa-miR-487b-3p",0.273419228273844,0.543001972038887,0.254285170496097,0.948810508224733,FALSE,TRUE,FALSE
"hsa-miR-487b-5p:hsa-mir-487b","hsa-miR-487b-5p",0.874981649568114,0.434136165631619,1.15917458433627,0.827381577615971,FALSE,FALSE,FALSE
"hsa-miR-489-3p:hsa-mir-489","hsa-miR-489-3p",1.28668073206438,0.159943381851787,0.860765654908194,0.913328740245061,FALSE,TRUE,FALSE
"hsa-miR-493-3p:hsa-mir-493","hsa-miR-493-3p",0.257312144907741,0.667571131911912,0.398053452554783,0.913328740245061,FALSE,FALSE,FALSE
"hsa-miR-493-5p:hsa-mir-493","hsa-miR-493-5p",0.134138118116947,0.768443701577222,0.100055772646269,0.961686339648352,FALSE,TRUE,FALSE
"hsa-miR-494-3p:hsa-mir-494","hsa-miR-494-3p",0.208084367004291,0.796924027558316,0.436311047385945,0.942554188179476,FALSE,FALSE,FALSE
"hsa-miR-495-3p:hsa-mir-495","hsa-miR-495-3p",-0.00484114138161826,0.993063277154862,0.210869915074739,0.954302845955942,FALSE,FALSE,TRUE
"hsa-miR-497-5p:hsa-mir-497","hsa-miR-497-5p",0.327801176642748,0.667670659279283,0.108808207500836,0.994088918459872,FALSE,TRUE,FALSE
"hsa-miR-499a-5p:hsa-mir-499a","hsa-miR-499a-5p",0.173596336395602,0.832346407596613,0.247264817309962,0.954302845955942,FALSE,FALSE,FALSE
"hsa-miR-5006-3p:hsa-mir-5006","hsa-miR-5006-3p",0.0619187172821027,0.962130730956057,1.04877509775276,0.901138084350497,FALSE,FALSE,FALSE
"hsa-miR-500a-3p:hsa-mir-500a","hsa-miR-500a-3p",0.318916487933047,0.324297823546296,0.221227160127854,0.942554188179476,FALSE,TRUE,FALSE
"hsa-miR-500a-5p:hsa-mir-500a","hsa-miR-500a-5p",0.00537581464945126,0.987697385972863,0.130710947480775,0.961686339648352,FALSE,FALSE,FALSE
"hsa-miR-500b-3p:hsa-mir-500b","hsa-miR-500b-3p",0.763361076066142,0.523659975569074,0.562340235689699,0.951185018782856,FALSE,TRUE,FALSE
"hsa-miR-501-3p:hsa-mir-501","hsa-miR-501-3p",0.163371915161801,0.664347509791648,0.0653396270068188,0.986222444632175,FALSE,TRUE,FALSE
"hsa-miR-501-5p:hsa-mir-501","hsa-miR-501-5p",-0.0106265694206233,0.976699468650699,0.147505395822832,0.954302845955942,FALSE,FALSE,TRUE
"hsa-miR-5010-3p:hsa-mir-5010","hsa-miR-5010-3p",-0.417851527748637,0.349443227242859,-0.488598268116013,0.827381577615971,FALSE,FALSE,FALSE
"hsa-miR-502-3p:hsa-mir-502","hsa-miR-502-3p",0.352859764778777,0.237112196176924,0.212805615377498,0.942554188179476,FALSE,TRUE,FALSE
"hsa-miR-503-5p:hsa-mir-503","hsa-miR-503-5p",-0.260222222540686,0.562528730049337,-0.254469172910468,0.948810508224733,FALSE,TRUE,FALSE
"hsa-miR-504-3p:hsa-mir-504","hsa-miR-504-3p",0.158528473475357,0.910058537082476,0.164917072957976,0.99698024720718,FALSE,FALSE,FALSE
"hsa-miR-504-5p:hsa-mir-504","hsa-miR-504-5p",0.438237663056255,0.548412622616962,0.537216479173719,0.913328740245061,FALSE,FALSE,FALSE
"hsa-miR-505-3p:hsa-mir-505","hsa-miR-505-3p",0.156097622747784,0.633109533947791,0.0329172400406108,0.99698024720718,FALSE,TRUE,FALSE
"hsa-miR-505-5p:hsa-mir-505","hsa-miR-505-5p",0.202735548016582,0.743682513978121,-0.164813069395367,0.954302845955942,FALSE,TRUE,TRUE
"hsa-miR-506-3p:hsa-mir-506","hsa-miR-506-3p",-1.99910531650774,0.141761709681312,-0.621308816417726,0.954302845955942,FALSE,TRUE,FALSE
"hsa-miR-508-3p:hsa-mir-508","hsa-miR-508-3p",-2.276036125714,0.147363065062899,-0.0783819029068152,0.99698024720718,FALSE,TRUE,FALSE
"hsa-miR-508-5p:hsa-mir-508","hsa-miR-508-5p",-1.89901537719713,0.100433737375975,0.0101700897098675,0.998612650735802,FALSE,TRUE,TRUE
"hsa-miR-509-3-5p:hsa-mir-509-3","hsa-miR-509-3-5p",-2.70915877484672,0.0343224534939282,-1.1545106228298,0.913328740245061,TRUE,TRUE,FALSE
"hsa-miR-509-3p:hsa-mir-509-1","hsa-miR-509-3p",-1.7078203415242,0.324297823546296,0.118602923675309,0.99698024720718,FALSE,TRUE,TRUE
"hsa-miR-509-5p:hsa-mir-509-1","hsa-miR-509-5p",-1.31148211929965,0.15094710836718,-0.238579116044226,0.97180894193783,FALSE,TRUE,FALSE
"hsa-miR-511-3p:hsa-mir-511","hsa-miR-511-3p",-0.102432292586821,0.910058537082476,-0.587373064616137,0.914253436555234,FALSE,FALSE,FALSE
"hsa-miR-511-5p:hsa-mir-511","hsa-miR-511-5p",0.0736546768911845,0.858701909970255,0.0380263313409868,0.99698024720718,FALSE,TRUE,FALSE
"hsa-miR-513a-5p:hsa-mir-513a-1","hsa-miR-513a-5p",-1.44261047420018,0.108367566353207,-0.104556920270104,0.99698024720718,FALSE,TRUE,FALSE
"hsa-miR-513c-5p:hsa-mir-513c","hsa-miR-513c-5p",-1.4424538057933,0.15094710836718,0.0816258766689843,0.99698024720718,FALSE,TRUE,TRUE
"hsa-miR-514a-3p:hsa-mir-514a-1","hsa-miR-514a-3p",-2.43129268730682,0.103864034460369,-0.583696059934829,0.954302845955942,FALSE,TRUE,FALSE
"hsa-miR-5187-5p:hsa-mir-5187","hsa-miR-5187-5p",-0.513061092329579,0.660969970980018,-0.523271446326988,0.951185018782856,FALSE,FALSE,FALSE
"hsa-miR-5193:hsa-mir-5193","hsa-miR-5193",-0.528361961146022,0.720603122102779,0.673333220033012,0.948810508224733,FALSE,FALSE,TRUE
"hsa-miR-5196-3p:hsa-mir-5196","hsa-miR-5196-3p",0.22746351894264,0.889422147057613,-1.80566534950118,0.633528608313097,FALSE,FALSE,TRUE
"hsa-miR-532-3p:hsa-mir-532","hsa-miR-532-3p",0.164540134098027,0.664347509791648,0.198592449952444,0.948810508224733,FALSE,FALSE,FALSE
"hsa-miR-532-5p:hsa-mir-532","hsa-miR-532-5p",0.390502884480142,0.490594833718462,0.322744635119004,0.948810508224733,FALSE,TRUE,FALSE
"hsa-miR-539-5p:hsa-mir-539","hsa-miR-539-5p",0.0741287055997342,0.962130730956057,-0.124499986836456,0.99698024720718,FALSE,FALSE,TRUE
"hsa-miR-542-3p:hsa-mir-542","hsa-miR-542-3p",0.116591928024979,0.847884598527618,0.20467486677852,0.954302845955942,FALSE,FALSE,FALSE
"hsa-miR-543:hsa-mir-543","hsa-miR-543",0.40342595307009,0.294888359294115,0.21166723657332,0.951185018782856,FALSE,TRUE,FALSE
"hsa-miR-548a-3p:hsa-mir-548a-1","hsa-miR-548a-3p",0.356143791679307,0.796924027558316,0.381582893433348,0.954302845955942,FALSE,FALSE,FALSE
"hsa-miR-548ac:hsa-mir-548ac","hsa-miR-548ac",-0.852653045822334,0.50454825367577,-1.29100746817727,0.827381577615971,FALSE,FALSE,FALSE
"hsa-miR-548ar-3p:hsa-mir-548ar","hsa-miR-548ar-3p",0.185237092339901,0.898304038196446,0.0713140790203647,0.99698024720718,FALSE,TRUE,FALSE
"hsa-miR-548as-5p:hsa-mir-548as","hsa-miR-548as-5p",-0.543903828959616,0.646624336597949,0.167954795763214,0.994088918459872,FALSE,TRUE,TRUE
"hsa-miR-548at-5p:hsa-mir-548at","hsa-miR-548at-5p",-0.228898215325702,0.889422147057613,0.428015939378011,0.954302845955942,FALSE,FALSE,TRUE
"hsa-miR-548ay-3p:hsa-mir-548ay","hsa-miR-548ay-3p",-0.058068030695622,0.963678616609574,-0.199386660106862,0.989952442257322,FALSE,FALSE,FALSE
"hsa-miR-548az-5p:hsa-mir-548az","hsa-miR-548az-5p",0.491843112681252,0.766655270759892,0.472655266147845,0.954302845955942,FALSE,TRUE,FALSE
"hsa-miR-548b-5p:hsa-mir-548b","hsa-miR-548b-5p",-1.15264366461716,0.288617319314835,-0.30955098533011,0.961686339648352,FALSE,TRUE,FALSE
"hsa-miR-548ba:hsa-mir-548ba","hsa-miR-548ba",0.178706150825987,0.910058537082476,0.399303113660179,0.961686339648352,FALSE,FALSE,FALSE
"hsa-miR-548e-3p:hsa-mir-548e","hsa-miR-548e-3p",0.0962977023041431,0.847884598527618,-0.108454944792077,0.961686339648352,FALSE,FALSE,TRUE
"hsa-miR-548i:hsa-mir-548i-1","hsa-miR-548i",1.73226381612589,0.00698539950140059,0.647089634960193,0.827381577615971,TRUE,TRUE,FALSE
"hsa-miR-548j-5p:hsa-mir-548j","hsa-miR-548j-5p",-0.874013349117331,0.468847638776705,-0.79387087505574,0.942554188179476,FALSE,TRUE,FALSE
"hsa-miR-548l:hsa-mir-548l","hsa-miR-548l",-0.71813599050003,0.153521424411601,-0.91952497735433,0.633528608313097,FALSE,FALSE,FALSE
"hsa-miR-548q:hsa-mir-548q","hsa-miR-548q",0.381549809331511,0.767316721467753,0.911517288950933,0.901138084350497,FALSE,FALSE,FALSE
"hsa-miR-548w:hsa-mir-548w","hsa-miR-548w",-0.531959577219378,0.251796013504309,-0.522715609590207,0.827381577615971,FALSE,TRUE,FALSE
"hsa-miR-551b-5p:hsa-mir-551b","hsa-miR-551b-5p",-0.0237580165405623,0.980762059372689,0.323296314295224,0.961686339648352,FALSE,FALSE,TRUE
"hsa-miR-552-3p:hsa-mir-552","hsa-miR-552-3p",2.16463284454246,0.0227563367080164,1.1610966217796,0.827381577615971,TRUE,TRUE,FALSE
"hsa-miR-552-5p:hsa-mir-552","hsa-miR-552-5p",3.82548066980651,0.000321161858893909,0.87919691866582,0.827381577615971,TRUE,TRUE,FALSE
"hsa-miR-556-3p:hsa-mir-556","hsa-miR-556-3p",0.773307358724127,0.50454825367577,-0.0791980424496927,0.99698024720718,FALSE,TRUE,TRUE
"hsa-miR-556-5p:hsa-mir-556","hsa-miR-556-5p",1.9562939535623,0.00698539950140059,1.07755564233091,0.827381577615971,TRUE,TRUE,FALSE
"hsa-miR-5690:hsa-mir-5690","hsa-miR-5690",-0.33603042928917,0.831659728856061,-1.20772231101258,0.827381577615971,FALSE,FALSE,FALSE
"hsa-miR-5697:hsa-mir-5697","hsa-miR-5697",0.818386625966073,0.490594833718462,0.325268321320117,0.961686339648352,FALSE,TRUE,FALSE
"hsa-miR-570-3p:hsa-mir-570","hsa-miR-570-3p",-0.17123208638925,0.910010874240565,0.0384499945374489,0.99775400192234,FALSE,TRUE,TRUE
"hsa-miR-574-3p:hsa-mir-574","hsa-miR-574-3p",0.109999230071552,0.71284342920223,-0.00107472807900511,0.998612650735802,FALSE,TRUE,TRUE
"hsa-miR-574-5p:hsa-mir-574","hsa-miR-574-5p",0.359815252606221,0.148824804562336,0.230845386273565,0.913328740245061,FALSE,TRUE,FALSE
"hsa-miR-576-3p:hsa-mir-576","hsa-miR-576-3p",0.612338070711079,0.321331603861087,0.280306579313877,0.954302845955942,FALSE,TRUE,FALSE
"hsa-miR-576-5p:hsa-mir-576","hsa-miR-576-5p",-0.417097243591076,0.261057681267319,-0.275625661213179,0.942554188179476,FALSE,TRUE,FALSE
"hsa-miR-577:hsa-mir-577","hsa-miR-577",2.63774873193741,0.0107083812748645,0.0869252661433435,0.99698024720718,TRUE,TRUE,FALSE
"hsa-miR-580-3p:hsa-mir-580","hsa-miR-580-3p",-0.0547454149931434,0.962130730956057,0.314296047031185,0.954302845955942,FALSE,FALSE,TRUE
"hsa-miR-582-3p:hsa-mir-582","hsa-miR-582-3p",1.06573111319733,0.253316632844669,0.158802364712053,0.994088918459872,FALSE,TRUE,FALSE
"hsa-miR-582-5p:hsa-mir-582","hsa-miR-582-5p",-0.00428536971968246,0.996297856920098,0.154857466498152,0.99698024720718,FALSE,FALSE,TRUE
"hsa-miR-584-5p:hsa-mir-584","hsa-miR-584-5p",-0.364245128655872,0.306446593033241,0.0825464971430626,0.97180894193783,FALSE,TRUE,TRUE
"hsa-miR-585-3p:hsa-mir-585","hsa-miR-585-3p",-0.17973156895484,0.910058537082476,-1.04428791839717,0.913328740245061,FALSE,FALSE,FALSE
"hsa-miR-589-3p:hsa-mir-589","hsa-miR-589-3p",-0.330794711167538,0.831659728856061,-0.207479316105865,0.993275845678627,FALSE,TRUE,FALSE
"hsa-miR-589-5p:hsa-mir-589","hsa-miR-589-5p",0.0487973370936579,0.927028313614817,-0.11505288012621,0.961686339648352,FALSE,FALSE,TRUE
"hsa-miR-590-3p:hsa-mir-590","hsa-miR-590-3p",-0.392576681984395,0.206072416715304,-0.513178734275564,0.681874207663341,FALSE,FALSE,FALSE
"hsa-miR-592:hsa-mir-592","hsa-miR-592",1.65912187184831,0.0508591321471731,0.426644569623638,0.954302845955942,FALSE,TRUE,FALSE
"hsa-miR-598-3p:hsa-mir-598","hsa-miR-598-3p",-0.211354667941762,0.581475412760044,-0.300054510640339,0.913328740245061,FALSE,FALSE,FALSE
"hsa-miR-605-3p:hsa-mir-605","hsa-miR-605-3p",0.0708634617738523,0.962130730956057,-0.910699567559455,0.827381577615971,FALSE,FALSE,TRUE
"hsa-miR-605-5p:hsa-mir-605","hsa-miR-605-5p",0.735553899718885,0.552901321204694,1.96696221189005,0.497551960372237,FALSE,FALSE,FALSE
"hsa-miR-615-3p:hsa-mir-615","hsa-miR-615-3p",-3.31177339376447,0.00379352912095048,-1.39067064834429,0.827381577615971,TRUE,TRUE,FALSE
"hsa-miR-616-3p:hsa-mir-616","hsa-miR-616-3p",0.295907964441401,0.706563516072508,-0.151981633935269,0.969039062407174,FALSE,TRUE,TRUE
"hsa-miR-616-5p:hsa-mir-616","hsa-miR-616-5p",0.615914334506842,0.639654823901247,0.157183396869194,0.99698024720718,FALSE,TRUE,FALSE
"hsa-miR-618:hsa-mir-618","hsa-miR-618",-0.770347725228098,0.391358453868889,-0.959838483341148,0.827381577615971,FALSE,FALSE,FALSE
"hsa-miR-622:hsa-mir-622","hsa-miR-622",2.44108728672505,0.0036516972204936,1.07059650076206,0.827381577615971,TRUE,TRUE,FALSE
"hsa-miR-624-5p:hsa-mir-624","hsa-miR-624-5p",-0.217963154499697,0.858701909970255,-0.41773607607449,0.954302845955942,FALSE,FALSE,FALSE
"hsa-miR-625-3p:hsa-mir-625","hsa-miR-625-3p",0.68151063643446,0.0622727705629439,0.0659795630896999,0.993214886433134,FALSE,TRUE,FALSE
"hsa-miR-625-5p:hsa-mir-625","hsa-miR-625-5p",0.292529157244029,0.748808970610351,0.0427677549783028,0.99698024720718,FALSE,TRUE,FALSE
"hsa-miR-627-3p:hsa-mir-627","hsa-miR-627-3p",0.502767234943693,0.626580291041456,0.385949067111092,0.954302845955942,FALSE,TRUE,FALSE
"hsa-miR-627-5p:hsa-mir-627","hsa-miR-627-5p",-0.0882444177355667,0.858701909970255,-0.147208884243706,0.954302845955942,FALSE,FALSE,FALSE
"hsa-miR-628-3p:hsa-mir-628","hsa-miR-628-3p",0.200522171453745,0.667670659279283,0.0214144213836232,0.99698024720718,FALSE,TRUE,FALSE
"hsa-miR-628-5p:hsa-mir-628","hsa-miR-628-5p",-0.160711801539896,0.762921408861841,-0.264030655664181,0.948810508224733,FALSE,FALSE,FALSE
"hsa-miR-629-3p:hsa-mir-629","hsa-miR-629-3p",0.248063081351726,0.71284342920223,0.0880763991081246,0.994088918459872,FALSE,TRUE,FALSE
"hsa-miR-629-5p:hsa-mir-629","hsa-miR-629-5p",-0.59174627548122,0.261057681267319,-0.788567252833275,0.74489618586444,FALSE,FALSE,FALSE
"hsa-miR-642a-3p:hsa-mir-642a","hsa-miR-642a-3p",0.692578859040426,0.470206502463673,-0.308943611528858,0.954302845955942,FALSE,TRUE,TRUE
"hsa-miR-642a-5p:hsa-mir-642a","hsa-miR-642a-5p",0.921379447253224,0.39722282395522,-0.422665537582244,0.954302845955942,FALSE,TRUE,TRUE
"hsa-miR-642b-3p:hsa-mir-642b","hsa-miR-642b-3p",1.35173520397233,0.100433737375975,0.166868094940001,0.988794710274305,FALSE,TRUE,FALSE
"hsa-miR-650:hsa-mir-650","hsa-miR-650",2.46250260864978,0.100433737375975,1.31079221624894,0.913328740245061,FALSE,TRUE,FALSE
"hsa-miR-6503-3p:hsa-mir-6503","hsa-miR-6503-3p",-0.120696775668932,0.927028313614817,-0.972456400735673,0.827381577615971,FALSE,FALSE,FALSE
"hsa-miR-6503-5p:hsa-mir-6503","hsa-miR-6503-5p",-0.523500753144706,0.712418904198107,-0.660378852863534,0.951185018782856,FALSE,FALSE,FALSE
"hsa-miR-6507-5p:hsa-mir-6507","hsa-miR-6507-5p",-0.11887271808945,0.889422147057613,0.20976768924973,0.954302845955942,FALSE,FALSE,TRUE
"hsa-miR-651-5p:hsa-mir-651","hsa-miR-651-5p",0.424738003193539,0.449497760143422,-0.00123326911762012,0.998612650735802,FALSE,TRUE,TRUE
"hsa-miR-6510-3p:hsa-mir-6510","hsa-miR-6510-3p",-4.56357853295122,0.00918579520680519,0.0254644413952491,0.99775400192234,TRUE,TRUE,TRUE
"hsa-miR-6510-5p:hsa-mir-6510","hsa-miR-6510-5p",-3.11504600152641,0.0156133290467633,-0.238091253053121,0.961686339648352,TRUE,TRUE,FALSE
"hsa-miR-6511a-3p:hsa-mir-6511a-1","hsa-miR-6511a-3p",0.00772103744888661,0.980762059372689,0.0622710519507324,0.995435238426363,FALSE,FALSE,FALSE
"hsa-miR-6511b-3p:hsa-mir-6511b-1","hsa-miR-6511b-3p",-0.133175848204628,0.805865954573974,-0.0614646909697166,0.99698024720718,FALSE,TRUE,FALSE
"hsa-miR-6513-3p:hsa-mir-6513","hsa-miR-6513-3p",-0.117615327144773,0.910548437501202,0.35487899789888,0.954302845955942,FALSE,FALSE,TRUE
"hsa-miR-6514-5p:hsa-mir-6514","hsa-miR-6514-5p",1.35749877244653,0.148824804562336,1.92521261493035,0.497551960372237,FALSE,FALSE,FALSE
"hsa-miR-6515-5p:hsa-mir-6515","hsa-miR-6515-5p",-0.163562124169931,0.903988503486211,0.336050820907755,0.954302845955942,FALSE,FALSE,TRUE
"hsa-miR-6516-5p:hsa-mir-6516","hsa-miR-6516-5p",-1.15308317848272,0.153521424411601,-0.246553662759246,0.961686339648352,FALSE,TRUE,FALSE
"hsa-miR-652-3p:hsa-mir-652","hsa-miR-652-3p",0.170682783790615,0.630119851787126,0.135887329720067,0.954302845955942,FALSE,TRUE,FALSE
"hsa-miR-653-3p:hsa-mir-653","hsa-miR-653-3p",0.608045373593124,0.477697535965974,-0.500709396113698,0.942554188179476,FALSE,TRUE,TRUE
"hsa-miR-654-3p:hsa-mir-654","hsa-miR-654-3p",0.221095108488486,0.56770175081944,0.340208405495977,0.901138084350497,FALSE,FALSE,FALSE
"hsa-miR-654-5p:hsa-mir-654","hsa-miR-654-5p",0.561954377698316,0.108367566353207,0.44790886951543,0.827381577615971,FALSE,TRUE,FALSE
"hsa-miR-655-3p:hsa-mir-655","hsa-miR-655-3p",0.265881550129605,0.812772682044239,0.145643357340923,0.994088918459872,FALSE,TRUE,FALSE
"hsa-miR-656-3p:hsa-mir-656","hsa-miR-656-3p",0.35786547771035,0.654304037740283,0.310548767698623,0.954302845955942,FALSE,TRUE,FALSE
"hsa-miR-659-5p:hsa-mir-659","hsa-miR-659-5p",1.29564590403654,0.177970561026215,2.20320183892183,0.444782861895594,FALSE,FALSE,FALSE
"hsa-miR-660-5p:hsa-mir-660","hsa-miR-660-5p",0.300318029198905,0.391358453868889,-0.0641299367325793,0.986222444632175,FALSE,TRUE,TRUE
"hsa-miR-664a-3p:hsa-mir-664a","hsa-miR-664a-3p",-0.222986033001799,0.297905399716007,-0.1790147236534,0.913328740245061,FALSE,TRUE,FALSE
"hsa-miR-664a-5p:hsa-mir-664a","hsa-miR-664a-5p",-0.122049006120618,0.743682513978121,-0.214794691672794,0.942554188179476,FALSE,FALSE,FALSE
"hsa-miR-664b-3p:hsa-mir-664b","hsa-miR-664b-3p",0.00966310935298687,0.980762059372689,0.249653397230528,0.951185018782856,FALSE,FALSE,FALSE
"hsa-miR-664b-5p:hsa-mir-664b","hsa-miR-664b-5p",-0.429637214775566,0.552901321204694,0.171279392736398,0.962283635606115,FALSE,TRUE,TRUE
"hsa-miR-671-3p:hsa-mir-671","hsa-miR-671-3p",0.325132350614267,0.67222239337914,-0.245590564364935,0.954302845955942,FALSE,TRUE,TRUE
"hsa-miR-671-5p:hsa-mir-671","hsa-miR-671-5p",0.334839377305401,0.506022187960209,0.272817862635613,0.951185018782856,FALSE,TRUE,FALSE
"hsa-miR-6716-3p:hsa-mir-6716","hsa-miR-6716-3p",1.12868557208899,0.229376688087155,1.60760990333871,0.681874207663341,FALSE,FALSE,FALSE
"hsa-miR-6721-5p:hsa-mir-6721","hsa-miR-6721-5p",0.446355296390099,0.743682513978121,-0.221367421571238,0.97180894193783,FALSE,TRUE,TRUE
"hsa-miR-6726-3p:hsa-mir-6726","hsa-miR-6726-3p",-0.464380561889283,0.671469386806089,-0.408962866033867,0.954302845955942,FALSE,TRUE,FALSE
"hsa-miR-6730-5p:hsa-mir-6730","hsa-miR-6730-5p",0.306979425547023,0.831659728856061,0.726263894707363,0.942554188179476,FALSE,FALSE,FALSE
"hsa-miR-6731-3p:hsa-mir-6731","hsa-miR-6731-3p",0.498818090805161,0.739303792018765,0.252589190656099,0.983215883428417,FALSE,TRUE,FALSE
"hsa-miR-6732-3p:hsa-mir-6732","hsa-miR-6732-3p",-0.731970983196658,0.55495926717748,-0.0262152737561582,0.99775400192234,FALSE,TRUE,FALSE
"hsa-miR-6734-3p:hsa-mir-6734","hsa-miR-6734-3p",-0.736817018350306,0.56770175081944,-1.24888200835324,0.827381577615971,FALSE,FALSE,FALSE
"hsa-miR-6734-5p:hsa-mir-6734","hsa-miR-6734-5p",-0.142795581263638,0.831659728856061,0.153117914801945,0.961686339648352,FALSE,FALSE,TRUE
"hsa-miR-6740-5p:hsa-mir-6740","hsa-miR-6740-5p",1.1519528001295,0.237112196176924,1.53722372931104,0.681874207663341,FALSE,FALSE,FALSE
"hsa-miR-6746-3p:hsa-mir-6746","hsa-miR-6746-3p",0.329776259735277,0.831659728856061,0.392762621979701,0.954302845955942,FALSE,FALSE,FALSE
"hsa-miR-6747-3p:hsa-mir-6747","hsa-miR-6747-3p",-0.814523311585995,0.0808064004352348,-0.829364186571013,0.633528608313097,FALSE,FALSE,FALSE
"hsa-miR-6749-3p:hsa-mir-6749","hsa-miR-6749-3p",-0.229899521965795,0.88287208092396,0.432629077038596,0.954302845955942,FALSE,FALSE,TRUE
"hsa-miR-675-5p:hsa-mir-675","hsa-miR-675-5p",-0.82163061112414,0.512241180827302,0.828298631635807,0.913328740245061,FALSE,FALSE,TRUE
"hsa-miR-6754-3p:hsa-mir-6754","hsa-miR-6754-3p",0.241765841708455,0.858701909970255,-0.871003355635193,0.913328740245061,FALSE,FALSE,TRUE
"hsa-miR-6756-3p:hsa-mir-6756","hsa-miR-6756-3p",0.31458721358851,0.819278672414016,0.750767957859269,0.942554188179476,FALSE,FALSE,FALSE
"hsa-miR-676-3p:hsa-mir-676","hsa-miR-676-3p",-0.0526413695284658,0.962130730956057,-0.0515041849704804,0.99698024720718,FALSE,TRUE,FALSE
"hsa-miR-6761-5p:hsa-mir-6761","hsa-miR-6761-5p",0.105856014235895,0.941404851824172,-0.0527428361745822,0.99698024720718,FALSE,TRUE,TRUE
"hsa-miR-6769b-3p:hsa-mir-6769b","hsa-miR-6769b-3p",-0.0538799656167002,0.965008030913515,0.0396876921048109,0.99775400192234,FALSE,TRUE,TRUE
"hsa-miR-6779-5p:hsa-mir-6779","hsa-miR-6779-5p",0.388097019872225,0.805388428063735,0.657461565711149,0.951185018782856,FALSE,FALSE,FALSE
"hsa-miR-6780a-5p:hsa-mir-6780a","hsa-miR-6780a-5p",-0.718377956292187,0.545148912055019,-0.687470452508778,0.948810508224733,FALSE,TRUE,FALSE
"hsa-miR-6783-3p:hsa-mir-6783","hsa-miR-6783-3p",-1.23115083142935,0.148824804562336,-0.780677524767812,0.913328740245061,FALSE,TRUE,FALSE
"hsa-miR-6784-3p:hsa-mir-6784","hsa-miR-6784-3p",0.845934208660983,0.414497778188412,1.62620948188484,0.589486017696251,FALSE,FALSE,FALSE
"hsa-miR-6785-5p:hsa-mir-6785","hsa-miR-6785-5p",-0.174741180943647,0.889422147057613,-0.241744107468089,0.961686339648352,FALSE,FALSE,FALSE
"hsa-miR-6786-3p:hsa-mir-6786","hsa-miR-6786-3p",0.863643472956042,0.446354527393833,1.47379183955321,0.827381577615971,FALSE,FALSE,FALSE
"hsa-miR-6788-3p:hsa-mir-6788","hsa-miR-6788-3p",0.882857422382962,0.409807303205985,1.12987636975268,0.827381577615971,FALSE,FALSE,FALSE
"hsa-miR-6795-5p:hsa-mir-6795","hsa-miR-6795-5p",-0.709057499524472,0.562609798127872,0.792744654153276,0.913328740245061,FALSE,FALSE,TRUE
"hsa-miR-6796-5p:hsa-mir-6796","hsa-miR-6796-5p",-0.46174295239443,0.684968108120159,-0.778117202545095,0.913328740245061,FALSE,FALSE,FALSE
"hsa-miR-6803-3p:hsa-mir-6803","hsa-miR-6803-3p",-0.293413240016581,0.581288327641553,-0.16611852153137,0.954302845955942,FALSE,TRUE,FALSE
"hsa-miR-6805-5p:hsa-mir-6805","hsa-miR-6805-5p",-0.152672658605474,0.910058537082476,0.910396182553793,0.913328740245061,FALSE,FALSE,TRUE
"hsa-miR-6809-5p:hsa-mir-6809","hsa-miR-6809-5p",0.709188865376058,0.508785176447443,1.0827135320093,0.827381577615971,FALSE,FALSE,FALSE
"hsa-miR-6812-3p:hsa-mir-6812","hsa-miR-6812-3p",0.300100351345642,0.843710593802727,0.120022618852407,0.99698024720718,FALSE,TRUE,FALSE
"hsa-miR-6818-3p:hsa-mir-6818","hsa-miR-6818-3p",-0.329765016960534,0.831659728856061,0.610242428758592,0.951185018782856,FALSE,FALSE,TRUE
"hsa-miR-6819-3p:hsa-mir-6819","hsa-miR-6819-3p",0.805094987456368,0.512241180827302,1.24126458020335,0.832738092527362,FALSE,FALSE,FALSE
"hsa-miR-6821-5p:hsa-mir-6821","hsa-miR-6821-5p",0.0604770403211255,0.962130730956057,-0.21287031402436,0.986222444632175,FALSE,FALSE,TRUE
"hsa-miR-6827-3p:hsa-mir-6827","hsa-miR-6827-3p",-0.33574670210924,0.732917704376909,-0.195647650432113,0.96479832946003,FALSE,TRUE,FALSE
"hsa-miR-6833-3p:hsa-mir-6833","hsa-miR-6833-3p",0.534502732480063,0.534206373544811,0.208923988250558,0.961686339648352,FALSE,TRUE,FALSE
"hsa-miR-6842-3p:hsa-mir-6842","hsa-miR-6842-3p",-0.237255598426781,0.858701909970255,-0.148345854574619,0.99698024720718,FALSE,TRUE,FALSE
"hsa-miR-6855-3p:hsa-mir-6855","hsa-miR-6855-3p",-0.0362465329954477,0.976699468650699,0.222295465915837,0.988794710274305,FALSE,FALSE,TRUE
"hsa-miR-6866-5p:hsa-mir-6866","hsa-miR-6866-5p",-0.296864392447696,0.831659728856061,-1.04885657886535,0.827381577615971,FALSE,FALSE,FALSE
"hsa-miR-6868-3p:hsa-mir-6868","hsa-miR-6868-3p",0.981715223612543,0.436810331898542,1.35015862453915,0.827381577615971,FALSE,FALSE,FALSE
"hsa-miR-6882-5p:hsa-mir-6882","hsa-miR-6882-5p",0.738232676718316,0.475459499294978,1.10353251025225,0.827381577615971,FALSE,FALSE,FALSE
"hsa-miR-6883-3p:hsa-mir-6883","hsa-miR-6883-3p",-0.162548863263985,0.88287208092396,-0.456651661893987,0.948810508224733,FALSE,FALSE,FALSE
"hsa-miR-6887-3p:hsa-mir-6887","hsa-miR-6887-3p",0.96974446558349,0.363656653221909,1.06179854960197,0.827381577615971,FALSE,FALSE,FALSE
"hsa-miR-6887-5p:hsa-mir-6887","hsa-miR-6887-5p",0.300480837604963,0.847884598527618,0.129563569292083,0.99698024720718,FALSE,TRUE,FALSE
"hsa-miR-6891-5p:hsa-mir-6891","hsa-miR-6891-5p",-0.0717382527209023,0.962130730956057,1.11134821051122,0.827381577615971,FALSE,FALSE,TRUE
"hsa-miR-6892-5p:hsa-mir-6892","hsa-miR-6892-5p",-0.0674474522026953,0.963678616609574,-0.812200383990407,0.913328740245061,FALSE,FALSE,FALSE
"hsa-miR-6894-3p:hsa-mir-6894","hsa-miR-6894-3p",-0.711584998135918,0.261057681267319,-0.347068716176722,0.951185018782856,FALSE,TRUE,FALSE
"hsa-miR-6894-5p:hsa-mir-6894","hsa-miR-6894-5p",-0.301965252460385,0.832346407596613,-0.751941512493507,0.942554188179476,FALSE,FALSE,FALSE
"hsa-miR-7-1-3p:hsa-mir-7-1","hsa-miR-7-1-3p",0.50460199636037,0.330585014396387,-0.201568647523042,0.954302845955942,FALSE,TRUE,TRUE
"hsa-miR-7-5p:hsa-mir-7-1","hsa-miR-7-5p",1.26574674586234,0.00296277750800338,0.350946072736003,0.913328740245061,TRUE,TRUE,FALSE
"hsa-miR-708-5p:hsa-mir-708","hsa-miR-708-5p",-1.45619958403867,0.00066426419257472,-0.53693315369002,0.827381577615971,TRUE,TRUE,FALSE
"hsa-miR-7110-3p:hsa-mir-7110","hsa-miR-7110-3p",0.229294053672899,0.858701909970255,-0.308446868819025,0.961686339648352,FALSE,FALSE,TRUE
"hsa-miR-744-5p:hsa-mir-744","hsa-miR-744-5p",0.0794538827366015,0.796924027558316,0.235415526385094,0.901138084350497,FALSE,FALSE,FALSE
"hsa-miR-760:hsa-mir-760","hsa-miR-760",-0.0878143367450956,0.950482261072757,0.0882901094060814,0.99698024720718,FALSE,FALSE,TRUE
"hsa-miR-765:hsa-mir-765","hsa-miR-765",0.757495234427111,0.515456787692169,1.50988193031332,0.824407689404813,FALSE,FALSE,FALSE
"hsa-miR-766-3p:hsa-mir-766","hsa-miR-766-3p",-0.957590960265318,0.419777047823513,-0.95442304917882,0.913328740245061,FALSE,TRUE,FALSE
"hsa-miR-769-5p:hsa-mir-769","hsa-miR-769-5p",0.290711700041071,0.646624336597949,0.347844380912763,0.948810508224733,FALSE,FALSE,FALSE
"hsa-miR-7706:hsa-mir-7706","hsa-miR-7706",0.0596609168011668,0.941404851824172,0.810806385560974,0.827381577615971,FALSE,FALSE,FALSE
"hsa-miR-7844-5p:hsa-mir-7844","hsa-miR-7844-5p",0.599474915997527,0.619110183905257,0.44007076991398,0.954302845955942,FALSE,TRUE,FALSE
"hsa-miR-7854-3p:hsa-mir-7854","hsa-miR-7854-3p",0.215804357718428,0.867109259300211,-0.610990612985716,0.942554188179476,FALSE,FALSE,TRUE
"hsa-miR-7976:hsa-mir-7976","hsa-miR-7976",-0.141511520867238,0.910058537082476,0.170087004501721,0.994935742324707,FALSE,FALSE,TRUE
"hsa-miR-874-3p:hsa-mir-874","hsa-miR-874-3p",-0.219555937965435,0.858701909970255,-0.406601227830923,0.954302845955942,FALSE,FALSE,FALSE
"hsa-miR-877-3p:hsa-mir-877","hsa-miR-877-3p",-1.360501466522,0.215539205595789,-0.466194924838296,0.954302845955942,FALSE,TRUE,FALSE
"hsa-miR-877-5p:hsa-mir-877","hsa-miR-877-5p",-0.188875053859199,0.574305360571869,-0.0205316854528412,0.99698024720718,FALSE,TRUE,FALSE
"hsa-miR-885-5p:hsa-mir-885","hsa-miR-885-5p",-0.229232932869019,0.858701909970255,-0.0437395758683091,0.99698024720718,FALSE,TRUE,FALSE
"hsa-miR-887-3p:hsa-mir-887","hsa-miR-887-3p",-0.390510600149933,0.241398604831959,-0.116976847072962,0.954302845955942,FALSE,TRUE,FALSE
"hsa-miR-889-3p:hsa-mir-889","hsa-miR-889-3p",0.36625011588159,0.410994293109277,0.310167771983923,0.913328740245061,FALSE,TRUE,FALSE
"hsa-miR-891a-5p:hsa-mir-891a","hsa-miR-891a-5p",-0.0623619824221134,0.965008030913515,0.941821609482758,0.913328740245061,FALSE,FALSE,TRUE
"hsa-miR-9-3p:hsa-mir-9-1","hsa-miR-9-3p",0.427980758532483,0.351573363261707,0.00903356596053357,0.99775400192234,FALSE,TRUE,FALSE
"hsa-miR-9-5p:hsa-mir-9-1","hsa-miR-9-5p",0.424750105804128,0.27290471802055,0.0588838719922034,0.99698024720718,FALSE,TRUE,FALSE
"hsa-miR-92a-1-5p:hsa-mir-92a-1","hsa-miR-92a-1-5p",0.76530209548306,0.135669984097758,0.335464257230233,0.948810508224733,FALSE,TRUE,FALSE
"hsa-miR-92a-3p:hsa-mir-92a-1","hsa-miR-92a-3p",0.0192436290977922,0.962130730956057,-0.0255714340004925,0.99698024720718,FALSE,FALSE,TRUE
"hsa-miR-92b-3p:hsa-mir-92b","hsa-miR-92b-3p",0.00504607515727978,0.980762059372689,0.104761822636946,0.954302845955942,FALSE,FALSE,FALSE
"hsa-miR-92b-5p:hsa-mir-92b","hsa-miR-92b-5p",0.12785683721355,0.819278672414016,0.103598728953541,0.96479832946003,FALSE,TRUE,FALSE
"hsa-miR-93-3p:hsa-mir-93","hsa-miR-93-3p",-0.132069033231981,0.889422147057613,-0.386510020349701,0.951185018782856,FALSE,FALSE,FALSE
"hsa-miR-93-5p:hsa-mir-93","hsa-miR-93-5p",0.0772615860123403,0.858701909970255,-0.0111584495307496,0.99775400192234,FALSE,TRUE,TRUE
"hsa-miR-937-3p:hsa-mir-937","hsa-miR-937-3p",0.349956273917916,0.748808970610351,0.771583881061065,0.913328740245061,FALSE,FALSE,FALSE
"hsa-miR-939-5p:hsa-mir-939","hsa-miR-939-5p",0.955416218171845,0.405683256662028,0.706225164727003,0.948810508224733,FALSE,TRUE,FALSE
"hsa-miR-941:hsa-mir-941-1","hsa-miR-941",0.225615332853665,0.718336027516797,0.255843654219587,0.951185018782856,FALSE,FALSE,FALSE
"hsa-miR-942-3p:hsa-mir-942","hsa-miR-942-3p",-0.179344959083847,0.889422147057613,0.00251219978933118,0.998612650735802,FALSE,TRUE,TRUE
"hsa-miR-942-5p:hsa-mir-942","hsa-miR-942-5p",-0.223615366279977,0.629542517874079,-0.257012036069441,0.948810508224733,FALSE,FALSE,FALSE
"hsa-miR-944:hsa-mir-944","hsa-miR-944",-3.29325081353449,0.00698539950140059,-0.377692078652822,0.948810508224733,TRUE,TRUE,FALSE
"hsa-miR-95-3p:hsa-mir-95","hsa-miR-95-3p",0.111436041041594,0.796924027558316,0.0998440680331712,0.961686339648352,FALSE,TRUE,FALSE
"hsa-miR-96-5p:hsa-mir-96","hsa-miR-96-5p",-0.598668112985909,0.479074894446351,0.0994964948939379,0.99698024720718,FALSE,TRUE,TRUE
"hsa-miR-98-3p:hsa-mir-98","hsa-miR-98-3p",-0.191491480997778,0.815841007018046,-0.0872287959696941,0.99698024720718,FALSE,TRUE,FALSE
"hsa-miR-98-5p:hsa-mir-98","hsa-miR-98-5p",-0.143067797024718,0.615114548984567,-0.0299098654158194,0.99698024720718,FALSE,TRUE,FALSE
"hsa-miR-99a-3p:hsa-mir-99a","hsa-miR-99a-3p",-1.59096727226829,0.137306977401911,0.134711857151037,0.99698024720718,FALSE,TRUE,TRUE
"hsa-miR-99a-5p:hsa-mir-99a","hsa-miR-99a-5p",-1.43162118848687,0.0091155466634109,-0.449842391658032,0.91412352633157,TRUE,TRUE,FALSE
"hsa-miR-99b-3p:hsa-mir-99b","hsa-miR-99b-3p",-0.167871186501439,0.743682513978121,0.131722227454676,0.959161748772064,FALSE,TRUE,TRUE
"hsa-miR-99b-5p:hsa-mir-99b","hsa-miR-99b-5p",0.0282509716110205,0.927028313614817,0.145470899967489,0.948810508224733,FALSE,FALSE,FALSE
